user_id,smoother,amplitude,duration_min,peak_incoh_ratio,step_max,confidence
U000,aaps_average,37.0,40.0,0.7846153846153846,24.0,low
U000,aaps_average,42.0,35.0,0.9166666666666666,17.0,low
U000,aaps_average,49.0,55.0,1.0,41.0,high
U000,aaps_average,44.0,60.0,0.6206896551724138,11.0,low
U000,aaps_average,41.0,25.0,0.782608695652174,16.0,low
U000,aaps_average,59.0,45.0,0.8604651162790697,24.0,low
U000,aaps_average,48.0,25.0,0.8367346938775511,21.0,low
U000,aaps_average,39.0,70.0,0.9259259259259259,13.0,medium
U000,aaps_average,42.0,60.0,0.8780487804878049,15.0,medium
U000,aaps_average,19.0,25.0,0.5405405405405406,13.0,low
U000,aaps_average,48.0,50.0,0.9629629629629629,23.0,medium
U000,aaps_average,28.0,90.0,0.96875,21.0,high
U000,aaps_average,31.0,25.0,0.7796610169491526,17.0,low
U000,aaps_average,21.0,45.0,0.8378378378378378,17.0,medium
U000,aaps_average,32.0,50.0,0.9230769230769231,18.0,low
U000,aaps_average,33.0,45.0,0.8181818181818182,14.0,medium
U000,aaps_average,33.0,35.0,0.927536231884058,16.0,low
U000,aaps_average,37.0,55.0,0.9090909090909091,12.0,medium
U000,aaps_average,30.0,30.0,0.84,10.0,low
U000,aaps_average,36.0,40.0,0.7954545454545454,27.0,medium
U000,aaps_average,41.0,30.0,0.9868421052631579,16.0,low
U000,aaps_average,39.0,45.0,0.9649122807017544,17.0,medium
U000,aaps_average,29.0,50.0,0.8444444444444444,22.0,low
U000,aaps_average,42.0,55.0,0.963855421686747,26.0,medium
U000,aaps_average,30.0,25.0,0.6666666666666666,18.0,low
U000,aaps_average,47.0,50.0,0.9333333333333333,47.0,medium
U000,aaps_average,37.0,65.0,1.0,18.0,medium
U000,aaps_average,51.0,100.0,0.9655172413793104,20.0,low
U000,aaps_average,22.0,50.0,0.9791666666666666,17.0,medium
U000,aaps_average,15.0,25.0,1.0,10.0,medium
U000,aaps_average,39.0,40.0,0.8333333333333334,16.0,low
U000,aaps_average,42.0,60.0,0.8125,14.0,medium
U000,aaps_average,69.0,100.0,0.9878048780487805,28.0,medium
U000,aaps_average,38.0,60.0,0.9523809523809523,15.0,low
U000,aaps_average,23.0,30.0,0.8857142857142857,10.0,low
U000,aaps_average,41.0,30.0,0.9896907216494846,16.0,low
U000,aaps_average,25.0,25.0,0.7346938775510204,10.0,medium
U000,aaps_average,42.0,65.0,1.0,17.0,low
U000,aaps_average,33.0,50.0,0.9772727272727273,17.0,high
U000,aaps_average,58.0,65.0,0.9821428571428571,16.0,low
U000,aaps_average,28.0,25.0,0.9714285714285714,15.0,low
U000,aaps_average,51.0,40.0,0.9090909090909091,17.0,low
U000,aaps_average,21.0,25.0,0.6511627906976745,13.0,low
U000,aaps_average,35.0,30.0,0.8611111111111112,22.0,low
U000,aaps_average,25.0,25.0,0.6136363636363636,11.0,low
U000,aaps_average,33.0,45.0,0.975609756097561,11.0,low
U000,aaps_average,29.0,25.0,0.8421052631578947,13.0,low
U000,aaps_average,66.0,25.0,0.47191011235955055,66.0,medium
U000,aaps_average,23.0,25.0,0.9090909090909091,23.0,medium
U000,aaps_average,53.0,60.0,0.8620689655172413,16.0,low
U000,aaps_average,46.0,65.0,0.8653846153846154,15.0,low
U000,aaps_average,47.0,25.0,0.9777777777777777,17.0,low
U000,aaps_average,21.0,25.0,0.6333333333333333,13.0,low
U000,aaps_average,31.0,30.0,0.6097560975609756,13.0,low
U000,aaps_average,28.0,55.0,0.9393939393939394,15.0,low
U000,aaps_average,24.0,35.0,0.9878048780487805,11.0,low
U000,aaps_average,63.0,55.0,0.8695652173913043,13.0,medium
U000,aaps_average,25.0,35.0,0.9473684210526315,11.0,medium
U000,aaps_average,24.0,50.0,0.9310344827586207,18.0,low
U000,aaps_average,29.0,30.0,1.0,13.0,low
U000,aaps_average,37.0,35.0,0.8208955223880597,25.0,low
U000,aaps_average,28.0,60.0,0.9387755102040817,13.0,low
U000,aaps_average,25.0,30.0,0.8275862068965517,10.0,low
U000,aaps_average,24.0,30.0,0.9459459459459459,12.0,low
U000,aaps_average,32.0,30.0,0.9814814814814815,14.0,low
U000,aaps_average,31.0,40.0,0.9428571428571428,17.0,low
U000,aaps_average,20.0,25.0,0.8135593220338984,11.0,low
U000,aaps_average,24.0,30.0,0.8888888888888888,12.0,low
U000,aaps_average,44.0,45.0,0.8918918918918919,44.0,high
U000,aaps_average,73.0,65.0,0.8888888888888888,25.0,medium
U000,aaps_average,47.0,25.0,0.44285714285714284,23.0,low
U000,aaps_average,19.0,30.0,0.8571428571428571,11.0,low
U000,aaps_average,16.0,35.0,0.9302325581395349,10.0,low
U000,aaps_average,50.0,25.0,0.36363636363636365,23.0,low
U000,aaps_average,29.0,50.0,1.0,21.0,low
U000,aaps_average,30.0,30.0,0.9655172413793104,11.0,low
U000,aaps_average,35.0,45.0,1.0,24.0,low
U000,aaps_average,69.0,60.0,0.9523809523809523,57.0,medium
U000,aaps_average,49.0,90.0,1.0,28.0,medium
U000,aaps_average,48.0,55.0,0.9629629629629629,30.0,medium
U000,aaps_average,43.0,50.0,0.9090909090909091,24.0,medium
U000,aaps_average,25.0,25.0,0.9152542372881356,15.0,low
U000,aaps_average,21.0,30.0,0.7727272727272727,10.0,low
U000,aaps_average,50.0,40.0,0.875,29.0,low
U000,aaps_average,42.0,60.0,0.9534883720930233,16.0,low
U000,aaps_average,28.0,50.0,0.9787234042553191,10.0,low
U000,aaps_average,30.0,60.0,1.0,13.0,medium
U000,aaps_average,18.0,25.0,1.0,10.0,low
U000,aaps_average,21.0,25.0,1.0,10.0,low
U000,aaps_average,27.0,45.0,1.0,16.0,low
U000,aaps_average,25.0,55.0,0.9459459459459459,15.0,low
U000,aaps_average,17.0,25.0,0.43478260869565216,8.0,low
U000,aaps_average,37.0,50.0,1.0,9.0,low
U000,aaps_exponential,16.0,25.0,0.8095238095238095,6.0,low
U000,aaps_exponential,42.0,35.0,0.9166666666666666,17.0,low
U000,aaps_exponential,18.0,25.0,0.9375,9.0,low
U000,aaps_exponential,43.0,45.0,0.8928571428571429,14.0,low
U000,aaps_exponential,44.0,60.0,0.6206896551724138,11.0,low
U000,aaps_exponential,41.0,25.0,0.782608695652174,16.0,low
U000,aaps_exponential,15.0,25.0,0.9714285714285714,7.0,medium
U000,aaps_exponential,36.0,40.0,0.7547169811320755,18.0,low
U000,aaps_exponential,59.0,45.0,0.8604651162790697,24.0,low
U000,aaps_exponential,48.0,25.0,0.8367346938775511,21.0,low
U000,aaps_exponential,26.0,40.0,1.0,19.0,medium
U000,aaps_exponential,39.0,70.0,0.9259259259259259,13.0,medium
U000,aaps_exponential,42.0,60.0,0.8780487804878049,15.0,medium
U000,aaps_exponential,19.0,25.0,0.5405405405405406,13.0,low
U000,aaps_exponential,33.0,45.0,0.813953488372093,14.0,medium
U000,aaps_exponential,48.0,50.0,0.9629629629629629,23.0,medium
U000,aaps_exponential,28.0,90.0,0.96875,21.0,high
U000,aaps_exponential,19.0,45.0,0.9152542372881356,9.0,medium
U000,aaps_exponential,17.0,25.0,0.7741935483870968,16.0,low
U000,aaps_exponential,15.0,25.0,1.0,9.0,medium
U000,aaps_exponential,22.0,25.0,0.9166666666666666,11.0,low
U000,aaps_exponential,32.0,50.0,0.9230769230769231,18.0,low
U000,aaps_exponential,33.0,45.0,0.8181818181818182,14.0,medium
U000,aaps_exponential,30.0,30.0,0.84,10.0,low
U000,aaps_exponential,41.0,30.0,0.9868421052631579,16.0,low
U000,aaps_exponential,39.0,45.0,0.9649122807017544,17.0,medium
U000,aaps_exponential,29.0,50.0,0.8444444444444444,22.0,low
U000,aaps_exponential,15.0,25.0,0.8888888888888888,7.0,low
U000,aaps_exponential,42.0,55.0,0.963855421686747,26.0,medium
U000,aaps_exponential,47.0,50.0,0.9333333333333333,47.0,medium
U000,aaps_exponential,101.0,105.0,0.921875,30.0,low
U000,aaps_exponential,61.0,35.0,1.0,34.0,medium
U000,aaps_exponential,37.0,65.0,1.0,18.0,medium
U000,aaps_exponential,51.0,100.0,0.9655172413793104,20.0,low
U000,aaps_exponential,19.0,45.0,0.975,12.0,medium
U000,aaps_exponential,15.0,25.0,1.0,10.0,medium
U000,aaps_exponential,39.0,40.0,0.8333333333333334,16.0,low
U000,aaps_exponential,69.0,100.0,0.9878048780487805,28.0,medium
U000,aaps_exponential,38.0,60.0,0.9523809523809523,15.0,low
U000,aaps_exponential,23.0,30.0,0.8857142857142857,10.0,low
U000,aaps_exponential,45.0,100.0,0.9166666666666666,14.0,medium
U000,aaps_exponential,21.0,75.0,1.0,13.0,medium
U000,aaps_exponential,41.0,30.0,0.9896907216494846,16.0,low
U000,aaps_exponential,39.0,35.0,0.5151515151515151,13.0,low
U000,aaps_exponential,33.0,50.0,0.9772727272727273,17.0,high
U000,aaps_exponential,18.0,30.0,1.0,9.0,medium
U000,aaps_exponential,36.0,35.0,0.9090909090909091,12.0,low
U000,aaps_exponential,58.0,65.0,0.9821428571428571,16.0,low
U000,aaps_exponential,28.0,25.0,0.9714285714285714,15.0,low
U000,aaps_exponential,35.0,60.0,0.9803921568627451,16.0,medium
U000,aaps_exponential,35.0,45.0,0.7948717948717948,14.0,medium
U000,aaps_exponential,66.0,85.0,0.9285714285714286,25.0,medium
U000,aaps_exponential,33.0,45.0,0.975609756097561,11.0,low
U000,aaps_exponential,15.0,25.0,0.9230769230769231,13.0,low
U000,aaps_exponential,31.0,55.0,0.8936170212765957,11.0,low
U000,aaps_exponential,66.0,25.0,0.47191011235955055,66.0,medium
U000,aaps_exponential,36.0,75.0,0.8787878787878788,12.0,medium
U000,aaps_exponential,25.0,25.0,0.8484848484848485,11.0,medium
U000,aaps_exponential,28.0,25.0,0.574468085106383,17.0,low
U000,aaps_exponential,15.0,25.0,0.9166666666666666,9.0,low
U000,aaps_exponential,21.0,25.0,0.6333333333333333,13.0,low
U000,aaps_exponential,24.0,35.0,0.9878048780487805,11.0,low
U000,aaps_exponential,69.0,60.0,0.9811320754716981,37.0,medium
U000,aaps_exponential,63.0,55.0,0.8695652173913043,13.0,medium
U000,aaps_exponential,24.0,50.0,0.9310344827586207,18.0,low
U000,aaps_exponential,43.0,45.0,1.0,17.0,medium
U000,aaps_exponential,46.0,45.0,0.46938775510204084,13.0,low
U000,aaps_exponential,37.0,35.0,0.8208955223880597,25.0,low
U000,aaps_exponential,28.0,60.0,0.9387755102040817,13.0,low
U000,aaps_exponential,25.0,30.0,0.8275862068965517,10.0,low
U000,aaps_exponential,18.0,50.0,0.92,9.0,low
U000,aaps_exponential,18.0,25.0,0.8823529411764706,14.0,medium
U000,aaps_exponential,16.0,30.0,0.9230769230769231,11.0,low
U000,aaps_exponential,73.0,65.0,0.8888888888888888,25.0,medium
U000,aaps_exponential,19.0,25.0,1.0,11.0,low
U000,aaps_exponential,19.0,30.0,0.8571428571428571,11.0,low
U000,aaps_exponential,19.0,25.0,0.9024390243902439,6.0,low
U000,aaps_exponential,18.0,25.0,0.84375,8.0,low
U000,aaps_exponential,29.0,50.0,1.0,21.0,low
U000,aaps_exponential,28.0,30.0,0.96,12.0,low
U000,aaps_exponential,35.0,45.0,1.0,24.0,low
U000,aaps_exponential,35.0,30.0,0.5111111111111111,13.0,low
U000,aaps_exponential,69.0,60.0,0.9523809523809523,57.0,medium
U000,aaps_exponential,48.0,55.0,0.9629629629629629,30.0,medium
U000,aaps_exponential,25.0,25.0,0.9152542372881356,15.0,low
U000,aaps_exponential,24.0,50.0,0.9767441860465116,12.0,low
U000,aaps_exponential,21.0,30.0,0.7727272727272727,10.0,low
U000,aaps_exponential,16.0,25.0,0.9523809523809523,8.0,low
U000,aaps_exponential,50.0,40.0,0.875,29.0,low
U000,aaps_exponential,19.0,40.0,0.8333333333333334,10.0,low
U000,aaps_exponential,42.0,60.0,0.9534883720930233,16.0,low
U000,aaps_exponential,28.0,50.0,0.9787234042553191,10.0,low
U000,aaps_exponential,29.0,30.0,0.8333333333333334,12.0,low
U000,aaps_exponential,16.0,30.0,0.75,9.0,low
U000,aaps_exponential,30.0,60.0,1.0,13.0,medium
U000,aaps_exponential,18.0,25.0,1.0,10.0,low
U000,aaps_exponential,16.0,25.0,0.9565217391304348,12.0,low
U000,aaps_exponential,16.0,25.0,0.9583333333333334,6.0,low
U000,aaps_exponential,21.0,25.0,1.0,10.0,low
U000,aaps_exponential,25.0,55.0,0.9459459459459459,15.0,low
U000,aaps_exponential,37.0,50.0,1.0,9.0,low
U000,aaps_exponential,55.0,50.0,0.9,23.0,low
U000,trio_sgolay,22.0,25.0,0.9166666666666666,11.0,low
U000,trio_sgolay,32.0,50.0,0.9230769230769231,18.0,low
U000,trio_sgolay,47.0,50.0,0.9333333333333333,47.0,medium
U000,trio_sgolay,51.0,100.0,0.9655172413793104,20.0,low
U000,trio_sgolay,41.0,30.0,0.9896907216494846,16.0,low
U000,trio_sgolay,25.0,25.0,0.7346938775510204,10.0,medium
U000,trio_sgolay,58.0,65.0,0.9821428571428571,16.0,low
U000,trio_sgolay,35.0,30.0,0.8611111111111112,22.0,low
U000,trio_sgolay,25.0,25.0,0.6136363636363636,11.0,low
U000,trio_sgolay,46.0,65.0,0.8653846153846154,15.0,low
U000,trio_sgolay,28.0,60.0,0.9387755102040817,13.0,low
U000,trio_sgolay,32.0,30.0,0.9814814814814815,14.0,low
U000,trio_sgolay,20.0,25.0,0.8135593220338984,11.0,low
U000,trio_sgolay,47.0,25.0,0.44285714285714284,23.0,low
U000,trio_sgolay,19.0,30.0,0.8571428571428571,11.0,low
U000,trio_sgolay,69.0,60.0,0.9523809523809523,57.0,medium
U000,trio_sgolay,42.0,60.0,0.9534883720930233,16.0,low
U000,trio_sgolay,28.0,50.0,0.9787234042553191,10.0,low
U000,trio_sgolay,16.0,25.0,0.9565217391304348,12.0,low
U000,ukf,37.0,40.0,0.7846153846153846,24.0,low
U000,ukf,44.0,60.0,0.6206896551724138,11.0,low
U000,ukf,41.0,25.0,0.782608695652174,16.0,low
U000,ukf,59.0,45.0,0.8604651162790697,24.0,low
U000,ukf,48.0,50.0,0.9629629629629629,23.0,medium
U000,ukf,17.0,25.0,0.7741935483870968,16.0,low
U000,ukf,42.0,55.0,0.963855421686747,26.0,medium
U000,ukf,47.0,50.0,0.9333333333333333,47.0,medium
U000,ukf,37.0,65.0,1.0,18.0,medium
U000,ukf,51.0,100.0,0.9655172413793104,20.0,low
U000,ukf,41.0,30.0,0.9896907216494846,16.0,low
U000,ukf,25.0,25.0,0.7346938775510204,10.0,medium
U000,ukf,58.0,65.0,0.9821428571428571,16.0,low
U000,ukf,21.0,25.0,0.6511627906976745,13.0,low
U000,ukf,35.0,30.0,0.8611111111111112,22.0,low
U000,ukf,25.0,25.0,0.6136363636363636,11.0,low
U000,ukf,33.0,45.0,0.975609756097561,11.0,low
U000,ukf,47.0,25.0,0.9777777777777777,17.0,low
U000,ukf,32.0,30.0,0.9814814814814815,14.0,low
U000,ukf,20.0,25.0,0.8135593220338984,11.0,low
U000,ukf,47.0,25.0,0.44285714285714284,23.0,low
U000,ukf,19.0,30.0,0.8571428571428571,11.0,low
U000,ukf,30.0,30.0,0.9655172413793104,11.0,low
U000,ukf,69.0,60.0,0.9523809523809523,57.0,medium
U000,ukf,42.0,60.0,0.9534883720930233,16.0,low
U000,ukf,16.0,25.0,0.9565217391304348,12.0,low
U000,ukf,27.0,45.0,1.0,16.0,low
U000,ukf,17.0,25.0,0.43478260869565216,8.0,low
U000,ukf,37.0,50.0,1.0,9.0,low
U002,aaps_average,35.0,30.0,0.9833333333333333,15.0,low
U002,aaps_average,44.0,35.0,0.8666666666666667,15.0,low
U002,aaps_average,29.0,45.0,0.9444444444444444,20.0,low
U002,aaps_average,22.0,35.0,0.9666666666666667,13.0,low
U002,aaps_average,22.0,40.0,1.0,11.0,medium
U002,aaps_average,24.0,25.0,0.7954545454545454,12.0,low
U002,aaps_average,24.0,45.0,0.9411764705882353,10.0,low
U002,aaps_average,39.0,80.0,0.9782608695652174,18.0,medium
U002,aaps_average,27.0,45.0,0.9642857142857143,13.0,medium
U002,aaps_average,19.0,40.0,0.7837837837837838,11.0,low
U002,aaps_average,24.0,30.0,0.95,8.0,medium
U002,aaps_average,32.0,50.0,0.896551724137931,11.0,low
U002,aaps_average,41.0,65.0,1.0,15.0,medium
U002,aaps_average,28.0,35.0,1.0,12.0,medium
U002,aaps_average,38.0,40.0,1.0,19.0,low
U002,aaps_average,37.0,80.0,0.9791666666666666,21.0,medium
U002,aaps_average,52.0,155.0,1.0,33.0,medium
U002,aaps_average,21.0,35.0,0.9523809523809523,17.0,medium
U002,aaps_average,44.0,65.0,1.0,14.0,high
U002,aaps_average,28.0,45.0,0.9821428571428571,16.0,medium
U002,aaps_average,32.0,35.0,1.0,16.0,medium
U002,aaps_average,54.0,80.0,1.0,20.0,medium
U002,aaps_average,38.0,40.0,0.8163265306122449,23.0,low
U002,aaps_average,33.0,50.0,0.9629629629629629,20.0,high
U002,aaps_average,52.0,90.0,0.9342105263157895,19.0,medium
U002,aaps_average,43.0,75.0,0.9545454545454546,22.0,high
U002,aaps_average,23.0,25.0,0.9811320754716981,23.0,low
U002,aaps_average,48.0,50.0,0.9811320754716981,26.0,medium
U002,aaps_average,18.0,30.0,0.96,11.0,medium
U002,aaps_average,56.0,50.0,0.9230769230769231,21.0,low
U002,aaps_average,35.0,45.0,0.8043478260869565,17.0,low
U002,aaps_average,20.0,55.0,0.8148148148148148,10.0,low
U002,aaps_average,41.0,45.0,1.0,23.0,high
U002,aaps_average,46.0,60.0,0.98,17.0,high
U002,aaps_average,60.0,240.0,1.0,47.0,high
U002,aaps_average,53.0,35.0,0.75,26.0,low
U002,aaps_average,41.0,30.0,0.9833333333333333,27.0,low
U002,aaps_average,33.0,30.0,0.8448275862068966,33.0,low
U002,aaps_average,45.0,30.0,0.6774193548387096,25.0,low
U002,aaps_average,20.0,30.0,0.9354838709677419,11.0,medium
U002,aaps_average,99.0,100.0,0.9454545454545454,28.0,medium
U002,aaps_average,66.0,145.0,0.9767441860465116,19.0,medium
U002,aaps_average,30.0,60.0,0.98,24.0,medium
U002,aaps_average,38.0,30.0,0.9642857142857143,15.0,medium
U002,aaps_average,36.0,100.0,1.0,18.0,medium
U002,aaps_average,56.0,145.0,0.9714285714285714,20.0,medium
U002,aaps_average,29.0,60.0,0.8958333333333334,17.0,low
U002,aaps_average,60.0,55.0,0.84,16.0,medium
U002,aaps_average,39.0,50.0,0.7755102040816326,16.0,low
U002,aaps_average,23.0,60.0,1.0,10.0,high
U002,aaps_average,25.0,55.0,1.0,13.0,medium
U002,aaps_average,19.0,25.0,1.0,9.0,high
U002,aaps_average,23.0,65.0,0.95,15.0,low
U002,aaps_average,26.0,25.0,0.967741935483871,16.0,low
U002,aaps_average,18.0,25.0,0.9545454545454546,9.0,low
U002,aaps_average,25.0,25.0,0.8823529411764706,10.0,low
U002,aaps_average,30.0,75.0,0.9583333333333334,14.0,medium
U002,aaps_average,86.0,115.0,1.0,53.0,high
U002,aaps_average,34.0,30.0,0.98,27.0,medium
U002,aaps_average,38.0,80.0,0.9629629629629629,21.0,medium
U002,aaps_average,66.0,110.0,0.9583333333333334,28.0,medium
U002,aaps_average,48.0,65.0,1.0,22.0,high
U002,aaps_average,33.0,45.0,0.9565217391304348,25.0,high
U002,aaps_average,33.0,75.0,0.9772727272727273,18.0,medium
U002,aaps_average,24.0,40.0,0.7777777777777778,24.0,medium
U002,aaps_average,44.0,25.0,0.47297297297297297,44.0,medium
U002,aaps_average,38.0,65.0,0.8809523809523809,23.0,medium
U002,aaps_average,46.0,45.0,0.9736842105263158,20.0,medium
U002,aaps_average,64.0,55.0,0.7435897435897436,18.0,medium
U002,aaps_average,27.0,30.0,0.6060606060606061,14.0,medium
U002,aaps_average,54.0,55.0,1.0,18.0,medium
U002,aaps_average,28.0,40.0,0.8888888888888888,23.0,low
U002,aaps_average,23.0,25.0,0.6666666666666666,21.0,low
U002,aaps_average,32.0,40.0,0.9,12.0,low
U002,aaps_average,48.0,55.0,0.8333333333333334,21.0,low
U002,aaps_average,46.0,75.0,0.88,46.0,medium
U002,aaps_average,49.0,110.0,0.9722222222222222,17.0,high
U002,aaps_average,62.0,200.0,0.975609756097561,47.0,high
U002,aaps_average,26.0,40.0,0.9743589743589743,16.0,medium
U002,aaps_average,28.0,85.0,0.9705882352941176,15.0,high
U002,aaps_average,33.0,30.0,0.5283018867924528,24.0,low
U002,aaps_average,18.0,40.0,0.972972972972973,14.0,medium
U002,aaps_average,78.0,110.0,1.0,49.0,high
U002,aaps_average,35.0,40.0,0.803030303030303,29.0,low
U002,aaps_average,25.0,40.0,0.5,24.0,low
U002,aaps_average,47.0,45.0,0.9047619047619048,35.0,medium
U002,aaps_average,93.0,95.0,0.9142857142857143,30.0,medium
U002,aaps_average,36.0,65.0,1.0,29.0,medium
U002,aaps_average,26.0,30.0,0.875,24.0,medium
U002,aaps_average,21.0,30.0,0.8888888888888888,14.0,medium
U002,aaps_average,25.0,45.0,0.8846153846153846,19.0,low
U002,aaps_average,27.0,35.0,0.9090909090909091,14.0,medium
U002,aaps_average,24.0,50.0,0.7948717948717948,16.0,low
U002,aaps_average,27.0,45.0,0.6666666666666666,22.0,low
U002,aaps_average,43.0,130.0,0.9811320754716981,21.0,high
U002,aaps_average,36.0,30.0,0.6666666666666666,14.0,medium
U002,aaps_average,26.0,30.0,0.92,13.0,medium
U002,aaps_average,39.0,100.0,0.9743589743589743,26.0,high
U002,aaps_average,51.0,185.0,0.9814814814814815,16.0,high
U002,aaps_average,25.0,50.0,1.0,12.0,high
U002,aaps_average,34.0,85.0,1.0,16.0,high
U002,aaps_average,47.0,25.0,0.9,36.0,medium
U002,aaps_average,52.0,55.0,1.0,13.0,high
U002,aaps_average,28.0,50.0,0.9333333333333333,17.0,low
U002,aaps_average,29.0,50.0,0.8627450980392157,11.0,low
U002,aaps_average,21.0,55.0,1.0,14.0,medium
U002,aaps_average,29.0,50.0,0.9629629629629629,21.0,low
U002,aaps_average,35.0,85.0,0.975,21.0,medium
U002,aaps_average,65.0,70.0,0.8356164383561644,15.0,medium
U002,aaps_average,97.0,185.0,0.9423076923076923,37.0,medium
U002,aaps_average,25.0,50.0,0.9607843137254902,25.0,high
U002,aaps_average,75.0,55.0,0.92,24.0,high
U002,aaps_average,19.0,25.0,0.7741935483870968,7.0,low
U002,aaps_average,37.0,95.0,0.9736842105263158,20.0,high
U002,aaps_average,27.0,30.0,0.8157894736842105,18.0,high
U002,aaps_average,34.0,65.0,0.9487179487179487,14.0,low
U002,aaps_average,25.0,30.0,0.9090909090909091,20.0,low
U002,aaps_average,37.0,35.0,0.7358490566037735,17.0,low
U002,aaps_average,33.0,50.0,0.9411764705882353,15.0,low
U002,aaps_average,56.0,120.0,1.0,17.0,medium
U002,aaps_average,37.0,45.0,1.0,13.0,low
U002,aaps_average,52.0,60.0,0.9,12.0,medium
U002,aaps_average,73.0,65.0,1.0,36.0,medium
U002,aaps_average,34.0,50.0,0.8157894736842105,17.0,low
U002,aaps_average,33.0,45.0,0.8604651162790697,25.0,high
U002,aaps_average,64.0,50.0,1.0,30.0,medium
U002,aaps_average,26.0,55.0,0.972972972972973,21.0,high
U002,aaps_average,31.0,40.0,0.9444444444444444,16.0,low
U002,aaps_average,21.0,45.0,0.9142857142857143,19.0,low
U002,aaps_average,31.0,75.0,0.9807692307692307,17.0,medium
U002,aaps_average,46.0,70.0,1.0,23.0,medium
U002,aaps_average,27.0,30.0,0.9024390243902439,10.0,low
U002,aaps_average,35.0,30.0,0.8870967741935484,15.0,medium
U002,aaps_average,19.0,45.0,0.9545454545454546,10.0,medium
U002,aaps_average,31.0,35.0,0.9824561403508771,23.0,medium
U002,aaps_average,26.0,30.0,0.9393939393939394,10.0,low
U002,aaps_average,30.0,25.0,0.6666666666666666,15.0,low
U002,aaps_average,47.0,45.0,0.8253968253968254,25.0,medium
U002,aaps_average,49.0,50.0,0.9081632653061225,17.0,medium
U002,aaps_average,29.0,30.0,0.90625,29.0,medium
U002,aaps_average,47.0,50.0,0.9090909090909091,22.0,low
U002,aaps_average,62.0,30.0,0.8333333333333334,29.0,low
U002,aaps_average,29.0,40.0,0.9767441860465116,13.0,low
U002,aaps_average,48.0,90.0,0.9259259259259259,29.0,low
U002,aaps_average,37.0,45.0,0.9777777777777777,13.0,low
U002,aaps_average,72.0,50.0,0.9807692307692307,26.0,low
U002,aaps_average,28.0,25.0,0.8947368421052632,16.0,low
U002,aaps_average,59.0,75.0,0.9753086419753086,25.0,medium
U002,aaps_average,47.0,55.0,1.0,17.0,high
U002,aaps_exponential,35.0,30.0,0.9833333333333333,15.0,low
U002,aaps_exponential,36.0,25.0,0.44680851063829785,33.0,low
U002,aaps_exponential,22.0,35.0,0.9666666666666667,13.0,low
U002,aaps_exponential,22.0,40.0,1.0,11.0,medium
U002,aaps_exponential,18.0,40.0,1.0,12.0,low
U002,aaps_exponential,24.0,25.0,0.7954545454545454,12.0,low
U002,aaps_exponential,25.0,50.0,0.8148148148148148,10.0,low
U002,aaps_exponential,24.0,45.0,0.9411764705882353,10.0,low
U002,aaps_exponential,29.0,35.0,0.9433962264150944,23.0,low
U002,aaps_exponential,19.0,40.0,0.7837837837837838,11.0,low
U002,aaps_exponential,32.0,50.0,0.896551724137931,11.0,low
U002,aaps_exponential,28.0,35.0,1.0,12.0,medium
U002,aaps_exponential,76.0,75.0,0.9482758620689655,26.0,low
U002,aaps_exponential,25.0,25.0,0.6,12.0,low
U002,aaps_exponential,17.0,25.0,0.9375,6.0,medium
U002,aaps_exponential,28.0,45.0,1.0,10.0,low
U002,aaps_exponential,38.0,40.0,1.0,19.0,low
U002,aaps_exponential,52.0,155.0,1.0,33.0,medium
U002,aaps_exponential,21.0,35.0,0.9523809523809523,17.0,medium
U002,aaps_exponential,44.0,65.0,1.0,14.0,high
U002,aaps_exponential,28.0,45.0,0.9821428571428571,16.0,medium
U002,aaps_exponential,44.0,65.0,0.927536231884058,24.0,medium
U002,aaps_exponential,36.0,45.0,0.8181818181818182,16.0,low
U002,aaps_exponential,23.0,45.0,0.9166666666666666,13.0,low
U002,aaps_exponential,32.0,35.0,1.0,16.0,medium
U002,aaps_exponential,54.0,80.0,1.0,20.0,medium
U002,aaps_exponential,38.0,40.0,0.8163265306122449,23.0,low
U002,aaps_exponential,33.0,50.0,0.9629629629629629,20.0,high
U002,aaps_exponential,52.0,90.0,0.9342105263157895,19.0,medium
U002,aaps_exponential,43.0,75.0,0.9545454545454546,22.0,high
U002,aaps_exponential,23.0,25.0,0.9811320754716981,23.0,low
U002,aaps_exponential,21.0,65.0,1.0,11.0,high
U002,aaps_exponential,25.0,50.0,0.9565217391304348,12.0,medium
U002,aaps_exponential,42.0,105.0,0.9705882352941176,16.0,high
U002,aaps_exponential,56.0,50.0,0.9230769230769231,21.0,low
U002,aaps_exponential,20.0,55.0,0.8148148148148148,10.0,low
U002,aaps_exponential,60.0,240.0,1.0,47.0,high
U002,aaps_exponential,53.0,35.0,0.75,26.0,low
U002,aaps_exponential,41.0,30.0,0.9833333333333333,27.0,low
U002,aaps_exponential,33.0,30.0,0.8448275862068966,33.0,low
U002,aaps_exponential,99.0,100.0,0.9454545454545454,28.0,medium
U002,aaps_exponential,66.0,145.0,0.9767441860465116,19.0,medium
U002,aaps_exponential,30.0,60.0,0.98,24.0,medium
U002,aaps_exponential,38.0,30.0,0.9642857142857143,15.0,medium
U002,aaps_exponential,36.0,100.0,1.0,18.0,medium
U002,aaps_exponential,17.0,30.0,0.8787878787878788,14.0,low
U002,aaps_exponential,56.0,145.0,0.9714285714285714,20.0,medium
U002,aaps_exponential,60.0,55.0,0.84,16.0,medium
U002,aaps_exponential,39.0,50.0,0.7755102040816326,16.0,low
U002,aaps_exponential,38.0,60.0,0.9795918367346939,25.0,high
U002,aaps_exponential,25.0,55.0,1.0,13.0,medium
U002,aaps_exponential,18.0,25.0,0.6129032258064516,9.0,low
U002,aaps_exponential,37.0,60.0,0.9285714285714286,8.0,medium
U002,aaps_exponential,24.0,30.0,0.90625,14.0,low
U002,aaps_exponential,17.0,25.0,1.0,7.0,low
U002,aaps_exponential,21.0,35.0,0.9615384615384616,7.0,low
U002,aaps_exponential,43.0,70.0,0.835820895522388,20.0,low
U002,aaps_exponential,15.0,30.0,0.8888888888888888,13.0,low
U002,aaps_exponential,47.0,55.0,0.975,15.0,medium
U002,aaps_exponential,18.0,25.0,0.9545454545454546,9.0,low
U002,aaps_exponential,30.0,75.0,0.9583333333333334,14.0,medium
U002,aaps_exponential,27.0,30.0,0.9024390243902439,9.0,low
U002,aaps_exponential,15.0,25.0,0.9032258064516129,8.0,low
U002,aaps_exponential,86.0,115.0,1.0,53.0,high
U002,aaps_exponential,34.0,30.0,0.98,27.0,medium
U002,aaps_exponential,42.0,50.0,0.8387096774193549,23.0,low
U002,aaps_exponential,38.0,80.0,0.9629629629629629,21.0,medium
U002,aaps_exponential,38.0,120.0,1.0,16.0,medium
U002,aaps_exponential,66.0,110.0,0.9583333333333334,28.0,medium
U002,aaps_exponential,18.0,25.0,0.9154929577464789,13.0,medium
U002,aaps_exponential,48.0,65.0,1.0,22.0,high
U002,aaps_exponential,98.0,70.0,0.9705882352941176,21.0,medium
U002,aaps_exponential,26.0,40.0,0.9310344827586207,22.0,low
U002,aaps_exponential,33.0,75.0,0.9772727272727273,18.0,medium
U002,aaps_exponential,28.0,40.0,0.95,13.0,medium
U002,aaps_exponential,24.0,40.0,0.7777777777777778,24.0,medium
U002,aaps_exponential,44.0,25.0,0.47297297297297297,44.0,medium
U002,aaps_exponential,38.0,65.0,0.8809523809523809,23.0,medium
U002,aaps_exponential,28.0,40.0,0.8888888888888888,23.0,low
U002,aaps_exponential,19.0,25.0,0.7428571428571429,14.0,low
U002,aaps_exponential,32.0,40.0,0.9,12.0,low
U002,aaps_exponential,48.0,55.0,0.8333333333333334,21.0,low
U002,aaps_exponential,46.0,75.0,0.88,46.0,medium
U002,aaps_exponential,28.0,85.0,0.9705882352941176,15.0,high
U002,aaps_exponential,18.0,40.0,0.972972972972973,14.0,medium
U002,aaps_exponential,78.0,110.0,1.0,49.0,high
U002,aaps_exponential,47.0,45.0,0.9047619047619048,35.0,medium
U002,aaps_exponential,40.0,70.0,0.9767441860465116,18.0,low
U002,aaps_exponential,26.0,30.0,0.875,24.0,medium
U002,aaps_exponential,32.0,70.0,0.9767441860465116,19.0,medium
U002,aaps_exponential,30.0,90.0,1.0,22.0,medium
U002,aaps_exponential,23.0,80.0,0.9791666666666666,21.0,medium
U002,aaps_exponential,43.0,130.0,0.9811320754716981,21.0,high
U002,aaps_exponential,26.0,30.0,0.92,13.0,medium
U002,aaps_exponential,39.0,100.0,0.9743589743589743,26.0,high
U002,aaps_exponential,19.0,25.0,0.9428571428571428,10.0,medium
U002,aaps_exponential,51.0,185.0,0.9814814814814815,16.0,high
U002,aaps_exponential,25.0,50.0,1.0,12.0,high
U002,aaps_exponential,34.0,85.0,1.0,16.0,high
U002,aaps_exponential,47.0,25.0,0.9,36.0,medium
U002,aaps_exponential,29.0,50.0,0.8627450980392157,11.0,low
U002,aaps_exponential,29.0,50.0,0.9629629629629629,21.0,low
U002,aaps_exponential,35.0,85.0,0.975,21.0,medium
U002,aaps_exponential,97.0,185.0,0.9423076923076923,37.0,medium
U002,aaps_exponential,25.0,50.0,0.9607843137254902,25.0,high
U002,aaps_exponential,75.0,55.0,0.92,24.0,high
U002,aaps_exponential,19.0,25.0,0.7741935483870968,7.0,low
U002,aaps_exponential,37.0,95.0,0.9736842105263158,20.0,high
U002,aaps_exponential,27.0,30.0,0.8157894736842105,18.0,high
U002,aaps_exponential,34.0,65.0,0.9487179487179487,14.0,low
U002,aaps_exponential,37.0,35.0,0.7358490566037735,17.0,low
U002,aaps_exponential,37.0,45.0,1.0,13.0,low
U002,aaps_exponential,73.0,65.0,1.0,36.0,medium
U002,aaps_exponential,45.0,70.0,0.9655172413793104,14.0,medium
U002,aaps_exponential,21.0,25.0,0.975,17.0,medium
U002,aaps_exponential,33.0,45.0,0.8604651162790697,25.0,high
U002,aaps_exponential,18.0,30.0,0.6551724137931034,8.0,medium
U002,aaps_exponential,64.0,50.0,1.0,30.0,medium
U002,aaps_exponential,18.0,50.0,0.9230769230769231,8.0,low
U002,aaps_exponential,21.0,45.0,0.9142857142857143,19.0,low
U002,aaps_exponential,31.0,75.0,0.9807692307692307,17.0,medium
U002,aaps_exponential,27.0,30.0,0.9024390243902439,10.0,low
U002,aaps_exponential,35.0,30.0,0.8870967741935484,15.0,medium
U002,aaps_exponential,19.0,45.0,0.9545454545454546,10.0,medium
U002,aaps_exponential,30.0,25.0,0.6666666666666666,15.0,low
U002,aaps_exponential,47.0,45.0,0.8253968253968254,25.0,medium
U002,aaps_exponential,29.0,30.0,0.90625,29.0,medium
U002,aaps_exponential,31.0,55.0,0.8301886792452831,19.0,medium
U002,aaps_exponential,45.0,40.0,0.8048780487804879,16.0,low
U002,aaps_exponential,69.0,90.0,0.9047619047619048,22.0,medium
U002,aaps_exponential,47.0,50.0,0.9090909090909091,22.0,low
U002,aaps_exponential,29.0,40.0,0.9767441860465116,13.0,low
U002,aaps_exponential,48.0,90.0,0.9259259259259259,29.0,low
U002,aaps_exponential,37.0,45.0,0.9777777777777777,13.0,low
U002,aaps_exponential,72.0,50.0,0.9807692307692307,26.0,low
U002,aaps_exponential,28.0,25.0,0.8947368421052632,16.0,low
U002,aaps_exponential,59.0,75.0,0.9753086419753086,25.0,medium
U002,aaps_exponential,47.0,55.0,1.0,17.0,high
U002,trio_sgolay,35.0,30.0,0.9833333333333333,15.0,low
U002,trio_sgolay,24.0,25.0,0.7954545454545454,12.0,low
U002,trio_sgolay,38.0,40.0,1.0,19.0,low
U002,trio_sgolay,23.0,45.0,0.9166666666666666,13.0,low
U002,trio_sgolay,41.0,30.0,0.5757575757575758,21.0,low
U002,trio_sgolay,52.0,90.0,0.9342105263157895,19.0,medium
U002,trio_sgolay,25.0,50.0,0.9565217391304348,12.0,medium
U002,trio_sgolay,41.0,30.0,0.9833333333333333,27.0,low
U002,trio_sgolay,99.0,100.0,0.9454545454545454,28.0,medium
U002,trio_sgolay,66.0,145.0,0.9767441860465116,19.0,medium
U002,trio_sgolay,36.0,100.0,1.0,18.0,medium
U002,trio_sgolay,56.0,145.0,0.9714285714285714,20.0,medium
U002,trio_sgolay,25.0,25.0,0.8823529411764706,10.0,low
U002,trio_sgolay,34.0,30.0,0.98,27.0,medium
U002,trio_sgolay,51.0,185.0,0.9814814814814815,16.0,high
U002,trio_sgolay,37.0,45.0,1.0,13.0,low
U002,trio_sgolay,73.0,65.0,1.0,36.0,medium
U002,trio_sgolay,35.0,30.0,0.8870967741935484,15.0,medium
U002,trio_sgolay,30.0,25.0,0.6666666666666666,15.0,low
U002,trio_sgolay,47.0,45.0,0.8253968253968254,25.0,medium
U002,trio_sgolay,49.0,50.0,0.9081632653061225,17.0,medium
U002,trio_sgolay,37.0,45.0,0.9777777777777777,13.0,low
U002,trio_sgolay,59.0,75.0,0.9753086419753086,25.0,medium
U002,ukf,35.0,30.0,0.9833333333333333,15.0,low
U002,ukf,29.0,45.0,0.9444444444444444,20.0,low
U002,ukf,24.0,25.0,0.7954545454545454,12.0,low
U002,ukf,27.0,45.0,0.9642857142857143,13.0,medium
U002,ukf,32.0,50.0,0.896551724137931,11.0,low
U002,ukf,28.0,35.0,1.0,12.0,medium
U002,ukf,28.0,45.0,1.0,10.0,low
U002,ukf,52.0,155.0,1.0,33.0,medium
U002,ukf,32.0,35.0,1.0,16.0,medium
U002,ukf,23.0,25.0,0.9811320754716981,23.0,low
U002,ukf,60.0,240.0,1.0,47.0,high
U002,ukf,99.0,100.0,0.9454545454545454,28.0,medium
U002,ukf,36.0,100.0,1.0,18.0,medium
U002,ukf,56.0,145.0,0.9714285714285714,20.0,medium
U002,ukf,18.0,25.0,0.9545454545454546,9.0,low
U002,ukf,25.0,25.0,0.8823529411764706,10.0,low
U002,ukf,30.0,50.0,1.0,11.0,medium
U002,ukf,34.0,30.0,0.98,27.0,medium
U002,ukf,44.0,25.0,0.47297297297297297,44.0,medium
U002,ukf,28.0,40.0,0.8888888888888888,23.0,low
U002,ukf,43.0,130.0,0.9811320754716981,21.0,high
U002,ukf,39.0,100.0,0.9743589743589743,26.0,high
U002,ukf,51.0,185.0,0.9814814814814815,16.0,high
U002,ukf,29.0,50.0,0.8627450980392157,11.0,low
U002,ukf,29.0,50.0,0.9629629629629629,21.0,low
U002,ukf,34.0,65.0,0.9487179487179487,14.0,low
U002,ukf,25.0,30.0,0.9090909090909091,20.0,low
U002,ukf,37.0,45.0,1.0,13.0,low
U002,ukf,73.0,65.0,1.0,36.0,medium
U002,ukf,64.0,50.0,1.0,30.0,medium
U002,ukf,21.0,45.0,0.9142857142857143,19.0,low
U002,ukf,35.0,30.0,0.8870967741935484,15.0,medium
U002,ukf,30.0,25.0,0.6666666666666666,15.0,low
U002,ukf,47.0,45.0,0.8253968253968254,25.0,medium
U002,ukf,49.0,50.0,0.9081632653061225,17.0,medium
U002,ukf,47.0,50.0,0.9090909090909091,22.0,low
U002,ukf,29.0,40.0,0.9767441860465116,13.0,low
U002,ukf,37.0,45.0,0.9777777777777777,13.0,low
U002,ukf,72.0,50.0,0.9807692307692307,26.0,low
U002,ukf,28.0,25.0,0.8947368421052632,16.0,low
U002,ukf,59.0,75.0,0.9753086419753086,25.0,medium
U002,ukf,47.0,55.0,1.0,17.0,high
U005,aaps_average,31.0,35.0,0.95,16.0,low
U005,aaps_average,27.0,50.0,0.9166666666666666,14.0,low
U005,aaps_average,66.0,65.0,1.0,19.0,low
U005,aaps_average,20.0,25.0,0.9411764705882353,16.0,low
U005,aaps_average,27.0,25.0,0.8023255813953488,17.0,low
U005,aaps_average,51.0,90.0,1.0,14.0,low
U005,aaps_average,57.0,75.0,0.9508196721311475,15.0,low
U005,aaps_average,27.0,50.0,0.90625,13.0,low
U005,aaps_average,19.0,40.0,0.9032258064516129,10.0,low
U005,aaps_average,31.0,25.0,0.5833333333333334,14.0,low
U005,aaps_average,17.0,25.0,0.8064516129032258,11.0,low
U005,aaps_average,42.0,50.0,0.9090909090909091,11.0,low
U005,aaps_average,15.0,25.0,0.9166666666666666,8.0,low
U005,aaps_average,24.0,25.0,0.875,12.0,low
U005,aaps_average,40.0,25.0,0.45614035087719296,19.0,low
U005,aaps_average,52.0,25.0,0.4246575342465753,24.0,low
U005,aaps_average,36.0,30.0,0.6111111111111112,35.0,low
U005,aaps_average,15.0,30.0,0.9655172413793104,15.0,low
U005,aaps_average,25.0,30.0,1.0,13.0,low
U005,aaps_average,28.0,45.0,0.9354838709677419,15.0,low
U005,aaps_average,24.0,25.0,0.8235294117647058,13.0,low
U005,aaps_average,34.0,60.0,0.8918918918918919,10.0,low
U005,aaps_average,28.0,25.0,0.8653846153846154,14.0,low
U005,aaps_average,33.0,30.0,0.8888888888888888,14.0,low
U005,aaps_average,44.0,60.0,0.7857142857142857,18.0,low
U005,aaps_average,27.0,45.0,0.9666666666666667,22.0,medium
U005,aaps_average,36.0,30.0,0.5964912280701754,36.0,low
U005,aaps_average,18.0,25.0,0.7631578947368421,15.0,low
U005,aaps_average,19.0,45.0,1.0,11.0,low
U005,aaps_average,36.0,25.0,0.5344827586206896,17.0,low
U005,aaps_average,19.0,35.0,0.9523809523809523,13.0,low
U005,aaps_average,21.0,35.0,1.0,12.0,low
U005,aaps_average,30.0,40.0,1.0,13.0,medium
U005,aaps_average,27.0,25.0,1.0,12.0,low
U005,aaps_average,29.0,50.0,1.0,9.0,low
U005,aaps_average,28.0,30.0,0.5277777777777778,12.0,medium
U005,aaps_average,35.0,45.0,0.8771929824561403,16.0,low
U005,aaps_average,20.0,30.0,0.7931034482758621,11.0,low
U005,aaps_average,22.0,25.0,0.9047619047619048,12.0,low
U005,aaps_average,22.0,40.0,0.975609756097561,12.0,low
U005,aaps_average,26.0,35.0,0.96,10.0,low
U005,aaps_average,20.0,25.0,0.6410256410256411,12.0,low
U005,aaps_average,71.0,30.0,0.9256198347107438,40.0,medium
U005,aaps_average,22.0,25.0,0.7631578947368421,14.0,low
U005,aaps_average,21.0,30.0,1.0,11.0,low
U005,aaps_average,38.0,80.0,0.95,19.0,low
U005,aaps_average,22.0,25.0,0.96,12.0,low
U005,aaps_average,64.0,70.0,0.9333333333333333,17.0,low
U005,aaps_average,38.0,30.0,1.0,15.0,low
U005,aaps_average,70.0,95.0,0.9821428571428571,22.0,medium
U005,aaps_average,22.0,30.0,0.9444444444444444,10.0,low
U005,aaps_average,37.0,70.0,0.9672131147540983,19.0,medium
U005,aaps_average,24.0,25.0,0.9285714285714286,10.0,low
U005,aaps_average,53.0,30.0,0.6086956521739131,29.0,low
U005,aaps_average,31.0,35.0,0.9523809523809523,12.0,low
U005,aaps_average,35.0,30.0,1.0,14.0,low
U005,aaps_average,22.0,35.0,0.8536585365853658,10.0,low
U005,aaps_average,34.0,30.0,0.9090909090909091,12.0,low
U005,aaps_average,30.0,25.0,0.7307692307692307,18.0,low
U005,aaps_average,30.0,50.0,0.9655172413793104,15.0,medium
U005,aaps_average,36.0,50.0,0.918918918918919,20.0,low
U005,aaps_average,27.0,60.0,0.975609756097561,9.0,medium
U005,aaps_average,39.0,80.0,0.9722222222222222,18.0,medium
U005,aaps_average,39.0,50.0,0.7619047619047619,13.0,low
U005,aaps_average,32.0,25.0,0.45454545454545453,16.0,low
U005,aaps_average,33.0,30.0,0.9777777777777777,18.0,low
U005,aaps_average,26.0,25.0,0.7021276595744681,13.0,low
U005,aaps_average,20.0,25.0,0.5789473684210527,13.0,low
U005,aaps_average,46.0,40.0,0.6923076923076923,15.0,low
U005,aaps_average,41.0,50.0,0.9487179487179487,17.0,low
U005,aaps_average,33.0,40.0,0.96,13.0,low
U005,aaps_average,27.0,30.0,0.9047619047619048,10.0,low
U005,aaps_average,16.0,25.0,0.8214285714285714,12.0,low
U005,aaps_average,16.0,30.0,0.6744186046511628,10.0,low
U005,aaps_average,43.0,50.0,0.8823529411764706,30.0,low
U005,aaps_average,33.0,35.0,0.7058823529411765,11.0,low
U005,aaps_average,43.0,45.0,0.9090909090909091,26.0,low
U005,aaps_average,26.0,30.0,0.8888888888888888,13.0,low
U005,aaps_average,18.0,25.0,0.45161290322580644,7.0,low
U005,aaps_average,16.0,25.0,0.8148148148148148,13.0,low
U005,aaps_average,20.0,35.0,1.0,11.0,medium
U005,aaps_average,37.0,30.0,0.975609756097561,20.0,low
U005,aaps_exponential,31.0,35.0,0.95,16.0,low
U005,aaps_exponential,27.0,50.0,0.9166666666666666,14.0,low
U005,aaps_exponential,66.0,65.0,1.0,19.0,low
U005,aaps_exponential,42.0,25.0,0.4,16.0,low
U005,aaps_exponential,51.0,90.0,1.0,14.0,low
U005,aaps_exponential,57.0,75.0,0.9508196721311475,15.0,low
U005,aaps_exponential,19.0,40.0,0.9032258064516129,10.0,low
U005,aaps_exponential,15.0,25.0,0.9166666666666666,8.0,low
U005,aaps_exponential,24.0,25.0,0.875,12.0,low
U005,aaps_exponential,40.0,25.0,0.45614035087719296,19.0,low
U005,aaps_exponential,52.0,25.0,0.4246575342465753,24.0,low
U005,aaps_exponential,36.0,30.0,0.6111111111111112,35.0,low
U005,aaps_exponential,25.0,30.0,1.0,13.0,low
U005,aaps_exponential,28.0,45.0,0.9354838709677419,15.0,low
U005,aaps_exponential,24.0,25.0,0.8235294117647058,13.0,low
U005,aaps_exponential,34.0,60.0,0.8918918918918919,10.0,low
U005,aaps_exponential,28.0,25.0,0.8653846153846154,14.0,low
U005,aaps_exponential,33.0,30.0,0.8888888888888888,14.0,low
U005,aaps_exponential,44.0,60.0,0.7857142857142857,18.0,low
U005,aaps_exponential,37.0,50.0,0.9629629629629629,14.0,low
U005,aaps_exponential,36.0,25.0,0.5344827586206896,17.0,low
U005,aaps_exponential,18.0,40.0,1.0,10.0,medium
U005,aaps_exponential,19.0,35.0,0.9523809523809523,13.0,low
U005,aaps_exponential,15.0,25.0,0.5,9.0,low
U005,aaps_exponential,26.0,35.0,0.86,14.0,low
U005,aaps_exponential,27.0,25.0,1.0,12.0,low
U005,aaps_exponential,28.0,30.0,0.5277777777777778,12.0,medium
U005,aaps_exponential,18.0,25.0,0.8536585365853658,9.0,low
U005,aaps_exponential,22.0,40.0,0.975609756097561,12.0,low
U005,aaps_exponential,26.0,35.0,0.96,10.0,low
U005,aaps_exponential,20.0,30.0,0.9047619047619048,8.0,low
U005,aaps_exponential,21.0,30.0,1.0,11.0,low
U005,aaps_exponential,38.0,80.0,0.95,19.0,low
U005,aaps_exponential,22.0,25.0,0.96,12.0,low
U005,aaps_exponential,64.0,70.0,0.9333333333333333,17.0,low
U005,aaps_exponential,70.0,95.0,0.9821428571428571,22.0,medium
U005,aaps_exponential,16.0,25.0,0.8571428571428571,11.0,low
U005,aaps_exponential,22.0,30.0,0.9444444444444444,10.0,low
U005,aaps_exponential,35.0,30.0,1.0,14.0,low
U005,aaps_exponential,22.0,35.0,0.8536585365853658,10.0,low
U005,aaps_exponential,27.0,25.0,0.9655172413793104,14.0,medium
U005,aaps_exponential,30.0,25.0,0.7307692307692307,18.0,low
U005,aaps_exponential,31.0,25.0,0.5625,14.0,low
U005,aaps_exponential,36.0,50.0,0.918918918918919,20.0,low
U005,aaps_exponential,27.0,60.0,0.975609756097561,9.0,medium
U005,aaps_exponential,39.0,80.0,0.9722222222222222,18.0,medium
U005,aaps_exponential,20.0,35.0,1.0,14.0,low
U005,aaps_exponential,32.0,25.0,0.45454545454545453,16.0,low
U005,aaps_exponential,33.0,30.0,0.9777777777777777,18.0,low
U005,aaps_exponential,26.0,25.0,0.7021276595744681,13.0,low
U005,aaps_exponential,34.0,35.0,0.782608695652174,17.0,low
U005,aaps_exponential,46.0,40.0,0.6923076923076923,15.0,low
U005,aaps_exponential,41.0,50.0,0.9487179487179487,17.0,low
U005,aaps_exponential,33.0,40.0,0.96,13.0,low
U005,aaps_exponential,16.0,25.0,0.8214285714285714,12.0,low
U005,aaps_exponential,43.0,50.0,0.8823529411764706,30.0,low
U005,aaps_exponential,25.0,35.0,0.5365853658536586,9.0,low
U005,aaps_exponential,43.0,45.0,0.9090909090909091,26.0,low
U005,aaps_exponential,26.0,30.0,0.8888888888888888,13.0,low
U005,aaps_exponential,18.0,25.0,0.45161290322580644,7.0,low
U005,aaps_exponential,36.0,45.0,0.4444444444444444,13.0,low
U005,aaps_exponential,19.0,25.0,1.0,17.0,low
U005,aaps_exponential,37.0,30.0,0.975609756097561,20.0,low
U005,trio_sgolay,31.0,35.0,0.95,16.0,low
U005,trio_sgolay,36.0,30.0,0.6111111111111112,35.0,low
U005,trio_sgolay,25.0,30.0,1.0,13.0,low
U005,trio_sgolay,28.0,25.0,0.8653846153846154,14.0,low
U005,trio_sgolay,33.0,30.0,0.8888888888888888,14.0,low
U005,trio_sgolay,18.0,25.0,0.7631578947368421,15.0,low
U005,trio_sgolay,22.0,25.0,0.7631578947368421,14.0,low
U005,trio_sgolay,34.0,30.0,0.9090909090909091,12.0,low
U005,trio_sgolay,41.0,50.0,0.9487179487179487,17.0,low
U005,trio_sgolay,16.0,25.0,0.8214285714285714,12.0,low
U005,trio_sgolay,43.0,50.0,0.8823529411764706,30.0,low
U005,ukf,31.0,35.0,0.95,16.0,low
U005,ukf,66.0,65.0,1.0,19.0,low
U005,ukf,20.0,25.0,0.9411764705882353,16.0,low
U005,ukf,51.0,90.0,1.0,14.0,low
U005,ukf,57.0,75.0,0.9508196721311475,15.0,low
U005,ukf,27.0,50.0,0.90625,13.0,low
U005,ukf,31.0,25.0,0.5833333333333334,14.0,low
U005,ukf,36.0,30.0,0.6111111111111112,35.0,low
U005,ukf,25.0,30.0,1.0,13.0,low
U005,ukf,24.0,25.0,0.8235294117647058,13.0,low
U005,ukf,28.0,25.0,0.8653846153846154,14.0,low
U005,ukf,33.0,30.0,0.8888888888888888,14.0,low
U005,ukf,36.0,30.0,0.5964912280701754,36.0,low
U005,ukf,37.0,50.0,0.9629629629629629,14.0,low
U005,ukf,18.0,25.0,0.7631578947368421,15.0,low
U005,ukf,27.0,25.0,1.0,12.0,low
U005,ukf,20.0,25.0,0.6410256410256411,12.0,low
U005,ukf,22.0,25.0,0.7631578947368421,14.0,low
U005,ukf,22.0,25.0,0.96,12.0,low
U005,ukf,70.0,95.0,0.9821428571428571,22.0,medium
U005,ukf,37.0,70.0,0.9672131147540983,19.0,medium
U005,ukf,35.0,30.0,1.0,14.0,low
U005,ukf,34.0,30.0,0.9090909090909091,12.0,low
U005,ukf,30.0,25.0,0.7307692307692307,18.0,low
U005,ukf,36.0,50.0,0.918918918918919,20.0,low
U005,ukf,26.0,25.0,0.7021276595744681,13.0,low
U005,ukf,20.0,25.0,0.5789473684210527,13.0,low
U005,ukf,41.0,50.0,0.9487179487179487,17.0,low
U005,ukf,34.0,25.0,0.3584905660377358,14.0,low
U005,ukf,27.0,30.0,0.9047619047619048,10.0,low
U005,ukf,16.0,25.0,0.8214285714285714,12.0,low
U005,ukf,16.0,30.0,0.6744186046511628,10.0,low
U005,ukf,43.0,50.0,0.8823529411764706,30.0,low
U005,ukf,43.0,45.0,0.9090909090909091,26.0,low
U005,ukf,40.0,50.0,0.8444444444444444,14.0,low
U029,aaps_average,15.0,25.0,0.6888888888888889,10.0,low
U029,aaps_average,36.0,50.0,0.9444444444444444,21.0,medium
U029,aaps_average,42.0,45.0,0.7714285714285715,42.0,medium
U029,aaps_average,40.0,45.0,0.9649122807017544,17.0,medium
U029,aaps_average,24.0,55.0,0.9591836734693877,24.0,medium
U029,aaps_average,33.0,45.0,0.9538461538461539,28.0,low
U029,aaps_average,35.0,40.0,0.9733333333333334,12.0,medium
U029,aaps_average,32.0,30.0,0.6097560975609756,19.0,low
U029,aaps_average,49.0,45.0,0.8461538461538461,25.0,low
U029,aaps_average,169.0,75.0,0.9803921568627451,123.0,high
U029,aaps_average,34.0,50.0,1.0,25.0,medium
U029,aaps_average,68.0,35.0,0.963855421686747,58.0,high
U029,aaps_average,28.0,50.0,0.9565217391304348,9.0,low
U029,aaps_average,25.0,30.0,0.9666666666666667,11.0,low
U029,aaps_average,39.0,45.0,1.0,32.0,low
U029,aaps_average,41.0,50.0,0.875,25.0,low
U029,aaps_average,25.0,50.0,1.0,20.0,low
U029,aaps_average,20.0,50.0,1.0,11.0,medium
U029,aaps_average,61.0,65.0,1.0,24.0,medium
U029,aaps_average,64.0,40.0,0.8837209302325582,27.0,low
U029,aaps_average,27.0,45.0,0.9534883720930233,16.0,low
U029,aaps_average,34.0,45.0,0.9047619047619048,17.0,low
U029,aaps_average,26.0,30.0,1.0,13.0,high
U029,aaps_average,27.0,45.0,0.8958333333333334,17.0,medium
U029,aaps_average,45.0,105.0,1.0,18.0,medium
U029,aaps_average,24.0,45.0,0.95,23.0,low
U029,aaps_average,22.0,25.0,0.8787878787878788,11.0,low
U029,aaps_average,74.0,80.0,0.9375,34.0,low
U029,aaps_exponential,36.0,50.0,0.9444444444444444,21.0,medium
U029,aaps_exponential,23.0,30.0,0.9642857142857143,9.0,low
U029,aaps_exponential,40.0,45.0,0.9649122807017544,17.0,medium
U029,aaps_exponential,34.0,50.0,0.9565217391304348,9.0,medium
U029,aaps_exponential,21.0,35.0,0.9166666666666666,7.0,low
U029,aaps_exponential,32.0,60.0,1.0,23.0,medium
U029,aaps_exponential,49.0,45.0,0.8461538461538461,25.0,low
U029,aaps_exponential,169.0,75.0,0.9803921568627451,123.0,high
U029,aaps_exponential,68.0,35.0,0.963855421686747,58.0,high
U029,aaps_exponential,38.0,60.0,0.9428571428571428,28.0,low
U029,aaps_exponential,28.0,50.0,0.9565217391304348,9.0,low
U029,aaps_exponential,25.0,30.0,0.9666666666666667,11.0,low
U029,aaps_exponential,31.0,35.0,0.5,8.0,low
U029,aaps_exponential,39.0,45.0,1.0,32.0,low
U029,aaps_exponential,26.0,50.0,1.0,8.0,low
U029,aaps_exponential,25.0,50.0,1.0,20.0,low
U029,aaps_exponential,39.0,30.0,0.75,17.0,low
U029,aaps_exponential,26.0,30.0,0.7209302325581395,18.0,medium
U029,aaps_exponential,34.0,40.0,0.4411764705882353,10.0,low
U029,aaps_exponential,16.0,25.0,1.0,12.0,medium
U029,aaps_exponential,61.0,65.0,1.0,24.0,medium
U029,aaps_exponential,64.0,40.0,0.8837209302325582,27.0,low
U029,aaps_exponential,26.0,45.0,0.9230769230769231,12.0,low
U029,aaps_exponential,27.0,45.0,0.9534883720930233,16.0,low
U029,aaps_exponential,26.0,30.0,1.0,13.0,high
U029,aaps_exponential,27.0,45.0,0.8958333333333334,17.0,medium
U029,aaps_exponential,45.0,105.0,1.0,18.0,medium
U029,aaps_exponential,23.0,25.0,0.9545454545454546,10.0,low
U029,aaps_exponential,16.0,30.0,0.8620689655172413,16.0,low
U029,aaps_exponential,21.0,55.0,1.0,11.0,high
U029,aaps_exponential,23.0,50.0,0.9512195121951219,14.0,medium
U029,aaps_exponential,24.0,45.0,0.95,23.0,low
U029,aaps_exponential,20.0,30.0,0.8695652173913043,10.0,low
U029,aaps_exponential,22.0,25.0,0.8787878787878788,11.0,low
U029,aaps_exponential,74.0,80.0,0.9375,34.0,low
U029,aaps_exponential,15.0,25.0,0.8,5.0,low
U029,trio_sgolay,42.0,45.0,0.7714285714285715,42.0,medium
U029,trio_sgolay,93.0,70.0,0.7878787878787878,41.0,high
U029,trio_sgolay,169.0,75.0,0.9803921568627451,123.0,high
U029,trio_sgolay,25.0,50.0,1.0,20.0,low
U029,trio_sgolay,45.0,105.0,1.0,18.0,medium
U029,ukf,36.0,50.0,0.9444444444444444,21.0,medium
U029,ukf,40.0,45.0,0.9649122807017544,17.0,medium
U029,ukf,41.0,50.0,0.875,25.0,low
U029,ukf,20.0,50.0,1.0,11.0,medium
U029,ukf,61.0,65.0,1.0,24.0,medium
U029,ukf,27.0,45.0,0.9534883720930233,16.0,low
U029,ukf,45.0,105.0,1.0,18.0,medium
U029,ukf,74.0,80.0,0.9375,34.0,low
U031,aaps_average,38.11764420000003,65.0,0.965174129353234,14.470587149999972,medium
U031,aaps_average,28.82352725000004,65.0,0.9223057644110276,16.23529289999999,low
U031,aaps_average,22.70588065000001,25.0,0.8449612403100767,16.823528150000016,low
U031,aaps_average,62.11764239999998,40.0,0.772569444444444,37.88235010000001,medium
U031,aaps_average,122.94116724999998,45.0,0.9835466179159048,117.64704999999998,high
U031,aaps_average,35.64705615000001,40.0,0.9529411764705884,21.176468999999997,low
U031,aaps_average,70.47058295000002,45.0,0.945736434108527,18.82352800000001,low
U031,aaps_average,70.3529359,30.0,0.9883624272651704,67.9999949,medium
U031,aaps_average,16.23529289999999,35.0,0.9322033898305119,16.23529289999999,medium
U031,aaps_average,17.058822250000006,25.0,0.4132653061224496,8.35294055,low
U031,aaps_average,18.94117504999997,35.0,0.7228464419475651,18.94117504999997,medium
U031,aaps_average,203.53278704482057,35.0,0.9762815130647683,203.53278704482057,high
U031,aaps_average,22.94117474999996,25.0,0.4332344213649855,8.705881699999992,low
U031,aaps_average,28.235291999999987,50.0,0.9667896678966788,9.64705810000001,medium
U031,aaps_average,53.4117607,65.0,0.9381107491856678,16.823528150000016,medium
U031,aaps_average,23.882351150000034,40.0,0.9472140762463341,16.11764585000003,medium
U031,aaps_average,71.64705345000004,90.0,0.994974874371861,20.23529259999998,medium
U031,aaps_average,22.470586550000007,75.0,0.9909909909909898,21.647057200000006,medium
U031,aaps_average,15.999998800000014,30.0,0.9700000000000005,10.235293350000006,medium
U031,aaps_exponential,22.705880649999983,55.0,0.9649999999999989,9.529411049999993,medium
U031,aaps_exponential,26.470586249999997,65.0,0.9957627118644061,9.529411049999993,medium
U031,aaps_exponential,54.941172350000016,65.0,0.9841897233201579,14.47058715,medium
U031,aaps_exponential,28.82352725000004,65.0,0.9223057644110276,16.23529289999999,low
U031,aaps_exponential,22.70588065000001,25.0,0.8449612403100767,16.823528150000016,low
U031,aaps_exponential,35.64705615000001,40.0,0.9529411764705884,21.176468999999997,low
U031,aaps_exponential,47.17646705000004,55.0,0.9093959731543613,15.058822400000054,medium
U031,aaps_exponential,15.058822399999997,25.0,0.7467248908296933,8.235293499999983,low
U031,aaps_exponential,70.47058295000002,45.0,0.945736434108527,18.82352800000001,low
U031,aaps_exponential,16.23529290000002,25.0,0.4671814671814668,6.588234800000009,low
U031,aaps_exponential,70.3529359,30.0,0.9883624272651704,67.9999949,medium
U031,aaps_exponential,17.176469300000008,30.0,0.97191011235955,7.647058249999986,medium
U031,aaps_exponential,23.058821800000004,30.0,0.7704918032786873,23.058821800000004,low
U031,aaps_exponential,203.53278704482057,35.0,0.9762815130647683,203.53278704482057,high
U031,aaps_exponential,27.411762649999986,60.0,0.9966101694915249,11.294116799999983,medium
U031,aaps_exponential,23.882351150000034,40.0,0.9472140762463341,16.11764585000003,medium
U031,aaps_exponential,71.64705345000004,90.0,0.994974874371861,20.23529259999998,medium
U031,trio_sgolay,35.64705615000001,40.0,0.9529411764705884,21.176468999999997,low
U031,trio_sgolay,70.47058295000002,45.0,0.945736434108527,18.82352800000001,low
U031,trio_sgolay,203.53278704482057,35.0,0.9762815130647683,203.53278704482057,high
U031,ukf,70.47058295000002,45.0,0.945736434108527,18.82352800000001,low
U031,ukf,28.235291999999987,50.0,0.9667896678966788,9.64705810000001,medium
U031,ukf,15.882351749999998,25.0,0.6143790849673194,11.058822700000036,low
U033,aaps_average,93.0,230.0,0.9827586206896551,31.0,medium
U033,aaps_average,37.0,70.0,1.0,19.0,medium
U033,aaps_average,132.0,200.0,0.9714285714285714,51.0,high
U033,aaps_average,89.0,85.0,0.9830508474576272,31.0,medium
U033,aaps_average,32.537941397445536,30.0,0.3999999999999996,13.256198347107443,low
U033,aaps_average,41.591155718158916,65.0,0.9567123829415388,41.591155718158916,high
U033,aaps_average,39.32608695652178,70.0,1.0,20.64619565217393,medium
U033,aaps_average,66.85434782608701,120.0,1.0,37.359782608695696,high
U033,aaps_average,24.578804347826093,50.0,0.9729729729729727,15.730434782608711,medium
U033,aaps_average,45.22500000000002,70.0,0.9565217391304344,14.747282608695656,medium
U033,aaps_average,44.241847826086996,75.0,0.9714285714285711,29.49456521739134,high
U033,aaps_average,59.97228260869571,135.0,1.0,32.44402173913048,medium
U033,aaps_average,50.14076086956527,105.0,1.0,19.663043478260875,medium
U033,aaps_average,69.80380434782617,190.0,0.9864864864864863,38.34293478260875,medium
U033,aaps_average,64.0,260.0,1.0,30.0,medium
U033,aaps_average,27.0,65.0,0.9523809523809523,17.0,medium
U033,aaps_average,32.0,40.0,0.9855072463768116,31.0,medium
U033,aaps_average,59.0,100.0,0.9523809523809523,46.0,high
U033,aaps_average,45.0,85.0,0.9454545454545454,26.0,medium
U033,aaps_average,54.0,100.0,1.0,54.0,high
U033,aaps_average,75.0,130.0,0.9375,22.0,medium
U033,aaps_average,31.0,45.0,1.0,17.0,medium
U033,aaps_average,26.0,50.0,0.9555555555555556,22.0,low
U033,aaps_average,59.0,90.0,0.9652777777777778,40.0,high
U033,aaps_average,74.0,145.0,0.9852941176470589,29.0,medium
U033,aaps_average,42.0,50.0,0.8771929824561403,25.0,low
U033,aaps_average,26.0,30.0,0.8461538461538461,14.0,low
U033,aaps_average,38.0,50.0,0.9615384615384616,23.0,medium
U033,aaps_average,66.0,150.0,1.0,40.0,high
U033,aaps_average,66.0,205.0,1.0,25.0,medium
U033,aaps_average,57.0,85.0,1.0,21.0,low
U033,aaps_average,27.0,50.0,1.0,20.0,medium
U033,aaps_average,99.0,260.0,0.9838709677419355,51.0,high
U033,aaps_average,48.0,115.0,0.9736842105263158,29.0,medium
U033,aaps_average,63.0,130.0,1.0,30.0,medium
U033,aaps_average,59.0,175.0,1.0,36.0,medium
U033,aaps_average,87.0,350.0,1.0,31.0,high
U033,aaps_average,50.0,85.0,1.0,33.0,high
U033,aaps_average,36.0,55.0,0.9512195121951219,36.0,medium
U033,aaps_average,40.0,75.0,0.8571428571428571,29.0,medium
U033,aaps_average,32.0,75.0,0.9666666666666667,17.0,high
U033,aaps_average,81.0,145.0,0.9791666666666666,31.0,high
U033,aaps_average,33.0,65.0,0.9459459459459459,32.0,medium
U033,aaps_average,59.0,120.0,1.0,39.0,medium
U033,aaps_average,52.0,90.0,0.9607843137254902,33.0,high
U033,aaps_average,27.0,45.0,0.95,22.0,high
U033,aaps_average,29.9370188943317,45.0,0.9333333333333332,15.451364590622816,high
U033,aaps_average,22.2113365990203,55.0,0.9565217391304345,16.417074877536734,medium
U033,aaps_average,46.0,145.0,1.0,25.0,medium
U033,aaps_average,58.0,175.0,0.9864864864864865,26.0,medium
U033,aaps_average,60.0,75.0,1.0,35.0,medium
U033,aaps_average,20.0,50.0,0.9487179487179487,15.0,low
U033,aaps_average,47.0,145.0,0.984375,44.0,high
U033,aaps_average,54.0,180.0,1.0,40.0,high
U033,aaps_average,38.0,55.0,1.0,23.0,high
U033,aaps_average,34.0,80.0,1.0,34.0,high
U033,aaps_average,47.0,90.0,1.0,30.0,high
U033,aaps_average,42.0,110.0,0.9642857142857143,33.0,medium
U033,aaps_average,72.0,200.0,1.0,35.0,high
U033,aaps_average,59.0,120.0,1.0,30.0,high
U033,aaps_average,24.0,25.0,1.0,23.0,high
U033,aaps_average,79.0,120.0,0.9565217391304348,30.0,high
U033,aaps_average,61.0,140.0,1.0,33.0,medium
U033,aaps_average,23.0,55.0,0.9534883720930233,13.0,medium
U033,aaps_average,43.0,75.0,0.95,35.0,low
U033,aaps_average,42.0,50.0,0.851063829787234,20.0,medium
U033,aaps_average,47.0,65.0,0.9560439560439561,36.0,medium
U033,aaps_average,30.0,50.0,1.0,17.0,low
U033,aaps_average,87.0,105.0,0.9565217391304348,31.0,medium
U033,aaps_average,27.0,70.0,0.9487179487179487,15.0,medium
U033,aaps_average,61.0,80.0,0.96,46.0,high
U033,aaps_average,47.0,70.0,1.0,29.0,high
U033,aaps_average,41.0,60.0,0.9444444444444444,34.0,high
U033,aaps_average,29.0,45.0,0.975609756097561,15.0,high
U033,aaps_average,62.0,135.0,0.9574468085106383,21.0,medium
U033,aaps_average,40.0,70.0,0.9354838709677419,23.0,medium
U033,aaps_average,27.0,45.0,1.0,19.0,medium
U033,aaps_average,31.0,50.0,0.9558823529411765,31.0,high
U033,aaps_average,32.0,75.0,1.0,18.0,high
U033,aaps_average,41.0,140.0,0.983739837398374,33.0,medium
U033,aaps_average,60.0,180.0,1.0,43.0,high
U033,aaps_average,35.0,105.0,0.971830985915493,26.0,medium
U033,aaps_average,72.0,70.0,0.8985507246376812,72.0,high
U033,aaps_average,57.0,100.0,0.9761904761904762,22.0,medium
U033,aaps_average,22.0,35.0,0.7906976744186046,21.0,medium
U033,aaps_average,35.0,70.0,1.0,26.0,high
U033,aaps_average,55.0,80.0,1.0,35.0,high
U033,aaps_average,135.0,190.0,0.958904109589041,40.0,high
U033,aaps_average,31.0,40.0,0.8260869565217391,23.0,medium
U033,aaps_average,57.0,110.0,1.0,32.0,medium
U033,aaps_average,24.0,55.0,0.98,17.0,medium
U033,aaps_average,36.0,45.0,0.7777777777777778,32.0,medium
U033,aaps_average,36.0,90.0,1.0,21.0,high
U033,aaps_average,51.0,70.0,0.984,51.0,high
U033,aaps_average,30.0,45.0,0.92,17.0,medium
U033,aaps_average,64.0,185.0,1.0,42.0,high
U033,aaps_average,121.0,320.0,1.0,39.0,medium
U033,aaps_average,100.0,220.0,1.0,38.0,medium
U033,aaps_average,36.0,60.0,0.9444444444444444,28.0,high
U033,aaps_average,51.0,80.0,0.9672131147540983,29.0,high
U033,aaps_average,94.0,125.0,1.0,39.0,medium
U033,aaps_average,33.0,85.0,0.9726027397260274,33.0,medium
U033,aaps_average,72.0,140.0,0.9545454545454546,21.0,low
U033,aaps_average,38.0,35.0,0.9032258064516129,29.0,medium
U033,aaps_average,38.0,70.0,0.9459459459459459,20.0,medium
U033,aaps_average,68.0,150.0,0.9859154929577465,33.0,medium
U033,aaps_average,87.0,140.0,1.0,51.0,high
U033,aaps_average,34.0,60.0,1.0,17.0,high
U033,aaps_average,63.0,95.0,0.9784172661870504,63.0,high
U033,aaps_average,109.0,105.0,0.9861111111111112,44.0,high
U033,aaps_average,21.0,35.0,0.896551724137931,13.0,medium
U033,aaps_average,28.0,70.0,1.0,18.0,high
U033,aaps_average,40.0,130.0,0.96,21.0,high
U033,aaps_average,40.0,50.0,0.9027777777777778,29.0,medium
U033,aaps_average,52.0,70.0,0.9883720930232558,33.0,high
U033,aaps_average,94.0,125.0,1.0,67.0,high
U033,aaps_average,48.0,65.0,0.9444444444444444,35.0,high
U033,aaps_average,40.0,55.0,1.0,36.0,high
U033,aaps_average,40.0,65.0,0.9661016949152542,32.0,high
U033,aaps_average,44.0,50.0,0.9157894736842105,44.0,high
U033,aaps_average,52.0,50.0,1.0,26.0,medium
U033,aaps_average,109.30360495681569,245.0,1.0,37.356928276380046,high
U033,aaps_average,55.34359744648896,95.0,0.9696969696969697,42.89128802102894,high
U033,aaps_average,53.96000751032673,85.0,0.9772727272727273,38.74051821254227,high
U033,aaps_average,37.356928276380046,35.0,0.8571428571428571,37.356928276380046,medium
U033,aaps_average,26.0,35.0,0.5277777777777778,13.0,medium
U033,aaps_average,33.0,60.0,0.975,25.0,medium
U033,aaps_average,28.0,50.0,0.9605263157894737,28.0,medium
U033,aaps_average,32.0,65.0,0.9104477611940298,29.0,medium
U033,aaps_average,63.0,100.0,0.9622641509433962,22.0,medium
U033,aaps_average,45.0,75.0,1.0,32.0,medium
U033,aaps_average,71.0,115.0,0.984375,40.0,high
U033,aaps_average,33.0,75.0,0.9534883720930233,16.0,medium
U033,aaps_average,34.0,70.0,0.8974358974358975,19.0,medium
U033,aaps_average,62.0,70.0,0.9928571428571429,48.0,high
U033,aaps_average,32.0,40.0,0.7924528301886793,22.0,low
U033,aaps_average,77.0,110.0,0.95,28.0,high
U033,aaps_average,23.0,70.0,0.9848484848484849,23.0,high
U033,aaps_average,32.0,95.0,1.0,23.0,high
U033,aaps_average,76.0,90.0,1.0,61.0,high
U033,aaps_average,46.0,120.0,0.9782608695652174,22.0,medium
U033,aaps_average,29.0,110.0,1.0,20.0,medium
U033,aaps_average,28.0,40.0,0.875,26.0,low
U033,aaps_average,56.0,75.0,1.0,18.0,medium
U033,aaps_average,30.0,50.0,0.9767441860465116,20.0,low
U033,aaps_average,104.0,175.0,1.0,32.0,medium
U033,aaps_average,42.0,50.0,0.8144329896907216,42.0,high
U033,aaps_average,116.0,380.0,1.0,40.0,high
U033,aaps_average,34.0,60.0,0.9482758620689655,27.0,medium
U033,aaps_average,38.0,55.0,0.9444444444444444,21.0,medium
U033,aaps_average,23.0,35.0,0.8333333333333334,16.0,low
U033,aaps_average,63.0,65.0,0.8571428571428571,30.0,low
U033,aaps_average,58.0,125.0,0.96,20.0,high
U033,aaps_average,42.0,75.0,0.9714285714285714,32.0,high
U033,aaps_average,34.0,65.0,0.9428571428571428,20.0,high
U033,aaps_average,45.0,160.0,1.0,18.000000001427026,high
U033,aaps_average,50.0,80.0,0.9565217391304348,20.0,high
U033,aaps_average,36.0,75.0,1.0,28.0,medium
U033,aaps_average,61.0,75.0,1.0,41.0,high
U033,aaps_average,24.0,30.0,0.9264705882352942,14.0,low
U033,aaps_average,95.0,130.0,0.928,46.0,high
U033,aaps_average,44.0,75.0,0.9285714285714286,15.0,medium
U033,aaps_average,65.0,90.0,0.9838709677419355,25.0,medium
U033,aaps_average,33.0,140.0,0.9661016949152542,28.0,high
U033,aaps_average,40.0,45.0,0.975,39.0,medium
U033,aaps_average,55.0,75.0,0.9857142857142858,22.0,medium
U033,aaps_average,54.72159999999998,70.0,1.0,48.77359999999999,high
U033,aaps_average,93.9784,115.0,0.951219512195122,21.41280000000002,medium
U033,aaps_average,99.92639999999997,100.0,0.96875,36.87759999999997,medium
U033,aaps_average,40.44639999999998,60.0,0.8399999999999991,19.03359999999998,low
U033,aaps_average,63.048799999999986,225.0,1.0,40.4464,high
U033,aaps_average,48.7736,140.0,0.9826086956521739,39.25680000000001,medium
U033,aaps_average,32.119200000000006,45.0,0.9545454545454546,23.792,medium
U033,aaps_average,72.56559999999996,70.0,0.9130434782608696,29.73999999999998,low
U033,aaps_average,103.49519999999997,270.0,0.9791666666666667,21.41280000000002,medium
U033,aaps_average,46.39439999999999,60.0,0.9454545454545453,19.033599999999993,medium
U033,aaps_average,29.73999999999998,35.0,1.0,11.896000000000015,low
U033,aaps_average,35.688,85.0,1.0,24.981600000000014,medium
U033,aaps_average,88.03039999999997,95.0,0.9142857142857144,40.44640000000001,high
U033,aaps_average,56.655759996600494,80.0,0.9148936170212769,20.919049844898638,high
U033,aaps_average,38.351591382314155,85.0,0.9821428571428573,38.351591382314155,medium
U033,aaps_average,18.302263648468724,55.0,0.9512195121951218,18.302263648468724,low
U033,aaps_average,58.5672436750999,135.0,1.0,32.02896138482026,medium
U033,aaps_average,54.906790945406186,100.0,0.9493670886075951,25.623169107856214,low
U033,aaps_average,34.774300932090554,60.0,0.9821428571428573,13.72669773635154,high
U033,aaps_average,46.43588744251305,140.0,1.0,31.771922986982617,medium
U033,aaps_average,52.54587263231738,125.0,1.0,25.661937797178254,medium
U033,aaps_average,23.217943721256532,45.0,1.0,23.217943721256532,low
U033,aaps_average,30.549925949021727,85.0,1.0,24.43994075921738,high
U033,aaps_average,30.549925949021727,45.0,1.0,28.10593187309999,high
U033,aaps_average,42.76989632863042,60.0,0.8823529411764708,19.55195260737392,medium
U033,aaps_average,35.43791410086523,65.0,0.9090909090909087,19.55195260737392,medium
U033,aaps_average,30.54992594902174,50.0,0.9166666666666669,26.88393483513913,medium
U033,aaps_average,26.88393483513913,30.0,0.5588235294117645,12.219970379608696,low
U033,aaps_average,35.4379141008652,60.0,1.0,24.43994075921738,medium
U033,aaps_average,29.32792891106085,25.0,1.0,29.32792891106085,medium
U033,aaps_average,57.0,150.0,1.0,36.0,high
U033,aaps_average,31.0,80.0,1.0,21.0,high
U033,aaps_average,26.0,45.0,0.967741935483871,26.0,medium
U033,aaps_average,41.0,35.0,0.8421052631578947,41.0,medium
U033,aaps_average,59.049022588842874,125.0,1.0,25.795941375422757,medium
U033,aaps_average,64.15362726111894,95.0,0.9210526315789473,22.95962184412336,medium
U033,aaps_average,31.97988724668599,105.0,1.0,19.41636011405936,medium
U033,aaps_average,20.558498944298137,75.0,0.928571428571429,14.847804793104217,medium
U033,aaps_average,82.23399577719255,120.0,0.9411764705882353,28.55347075596964,medium
U033,aaps_average,48.26405867970655,50.0,0.9259259259259258,48.26405867970655,high
U033,aaps_average,39.07090464547673,40.0,0.9130434782608698,10.342298288508545,low
U033,aaps_average,20.68459657701709,45.0,0.9444444444444446,14.938875305623455,low
U033,aaps_average,33.32518337408308,55.0,0.9411764705882354,22.982885085574566,medium
U033,aaps_average,33.65001003411605,25.0,0.9107142857142858,20.886213124623765,low
U033,aaps_average,33.650010034116036,150.0,1.0,18.565522777443334,medium
U033,aaps_average,34.875729414307344,115.0,0.9955194664404665,29.063107845256113,medium
U033,aaps_average,83.70175059433762,170.0,1.0,27.900583531445875,medium
U033,aaps_exponential,53.0,80.0,0.8222222222222222,22.0,medium
U033,aaps_exponential,93.0,230.0,0.9827586206896551,31.0,medium
U033,aaps_exponential,37.0,70.0,1.0,19.0,medium
U033,aaps_exponential,132.0,200.0,0.9714285714285714,51.0,high
U033,aaps_exponential,89.0,85.0,0.9830508474576272,31.0,medium
U033,aaps_exponential,41.591155718158916,65.0,0.9567123829415388,41.591155718158916,high
U033,aaps_exponential,39.32608695652178,70.0,1.0,20.64619565217393,medium
U033,aaps_exponential,66.85434782608701,120.0,1.0,37.359782608695696,high
U033,aaps_exponential,24.578804347826093,50.0,0.9729729729729727,15.730434782608711,medium
U033,aaps_exponential,45.22500000000002,70.0,0.9565217391304344,14.747282608695656,medium
U033,aaps_exponential,44.241847826086996,75.0,0.9714285714285711,29.49456521739134,high
U033,aaps_exponential,59.97228260869571,75.0,0.8695652173913042,19.663043478260875,medium
U033,aaps_exponential,59.97228260869571,135.0,1.0,32.44402173913048,medium
U033,aaps_exponential,60.95543478260876,150.0,0.9846153846153849,25.56195652173915,medium
U033,aaps_exponential,20.64619565217393,25.0,0.6718750000000003,19.663043478260903,low
U033,aaps_exponential,50.14076086956527,105.0,1.0,19.663043478260875,medium
U033,aaps_exponential,26.545108695652203,25.0,0.8787878787878791,17.69673913043482,low
U033,aaps_exponential,15.0,25.0,0.7037037037037037,8.0,low
U033,aaps_exponential,65.0,70.0,1.0,54.0,high
U033,aaps_exponential,50.0,110.0,1.0,25.0,medium
U033,aaps_exponential,64.0,260.0,1.0,30.0,medium
U033,aaps_exponential,32.0,40.0,0.9855072463768116,31.0,medium
U033,aaps_exponential,59.0,100.0,0.9523809523809523,46.0,high
U033,aaps_exponential,45.0,85.0,0.9454545454545454,26.0,medium
U033,aaps_exponential,29.0,25.0,0.3783783783783784,17.0,low
U033,aaps_exponential,54.0,100.0,1.0,54.0,high
U033,aaps_exponential,75.0,130.0,0.9375,22.0,medium
U033,aaps_exponential,16.0,30.0,0.9705882352941176,8.0,medium
U033,aaps_exponential,31.0,45.0,1.0,17.0,medium
U033,aaps_exponential,59.0,90.0,0.9652777777777778,40.0,high
U033,aaps_exponential,74.0,145.0,0.9852941176470589,29.0,medium
U033,aaps_exponential,42.0,50.0,0.8771929824561403,25.0,low
U033,aaps_exponential,26.0,30.0,0.8461538461538461,14.0,low
U033,aaps_exponential,38.0,50.0,0.9615384615384616,23.0,medium
U033,aaps_exponential,66.0,150.0,1.0,40.0,high
U033,aaps_exponential,20.0,40.0,1.0,11.0,medium
U033,aaps_exponential,66.0,205.0,1.0,25.0,medium
U033,aaps_exponential,57.0,85.0,1.0,21.0,low
U033,aaps_exponential,27.0,50.0,1.0,20.0,medium
U033,aaps_exponential,99.0,260.0,0.9838709677419355,51.0,high
U033,aaps_exponential,48.0,115.0,0.9736842105263158,29.0,medium
U033,aaps_exponential,63.0,130.0,1.0,30.0,medium
U033,aaps_exponential,59.0,175.0,1.0,36.0,medium
U033,aaps_exponential,87.0,350.0,1.0,31.0,high
U033,aaps_exponential,50.0,85.0,1.0,33.0,high
U033,aaps_exponential,36.0,55.0,0.9512195121951219,36.0,medium
U033,aaps_exponential,40.0,75.0,0.8571428571428571,29.0,medium
U033,aaps_exponential,81.0,145.0,0.9791666666666666,31.0,high
U033,aaps_exponential,55.0,75.0,0.9,22.0,high
U033,aaps_exponential,33.0,65.0,0.9459459459459459,32.0,medium
U033,aaps_exponential,59.0,120.0,1.0,39.0,medium
U033,aaps_exponential,52.0,90.0,0.9607843137254902,33.0,high
U033,aaps_exponential,29.9370188943317,45.0,0.9333333333333332,15.451364590622816,high
U033,aaps_exponential,22.2113365990203,55.0,0.9565217391304345,16.417074877536734,medium
U033,aaps_exponential,31.0,45.0,0.9714285714285714,15.0,medium
U033,aaps_exponential,46.0,145.0,1.0,25.0,medium
U033,aaps_exponential,58.0,175.0,0.9864864864864865,26.0,medium
U033,aaps_exponential,60.0,75.0,1.0,35.0,medium
U033,aaps_exponential,20.0,50.0,0.9487179487179487,15.0,low
U033,aaps_exponential,47.0,145.0,0.984375,44.0,high
U033,aaps_exponential,54.0,180.0,1.0,40.0,high
U033,aaps_exponential,38.0,55.0,1.0,23.0,high
U033,aaps_exponential,34.0,80.0,1.0,34.0,high
U033,aaps_exponential,34.0,70.0,0.9344262295081968,17.0,high
U033,aaps_exponential,47.0,90.0,1.0,30.0,high
U033,aaps_exponential,42.0,110.0,0.9642857142857143,33.0,medium
U033,aaps_exponential,37.0,60.0,0.8571428571428571,21.0,low
U033,aaps_exponential,72.0,200.0,1.0,35.0,high
U033,aaps_exponential,59.0,120.0,1.0,30.0,high
U033,aaps_exponential,79.0,120.0,0.9565217391304348,30.0,high
U033,aaps_exponential,61.0,140.0,1.0,33.0,medium
U033,aaps_exponential,23.0,55.0,0.9534883720930233,13.0,medium
U033,aaps_exponential,24.0,65.0,1.0,17.0,medium
U033,aaps_exponential,46.0,80.0,0.9473684210526315,21.0,medium
U033,aaps_exponential,42.0,50.0,0.851063829787234,20.0,medium
U033,aaps_exponential,20.0,25.0,0.5454545454545454,9.0,low
U033,aaps_exponential,30.0,50.0,1.0,17.0,low
U033,aaps_exponential,87.0,105.0,0.9565217391304348,31.0,medium
U033,aaps_exponential,27.0,70.0,0.9487179487179487,15.0,medium
U033,aaps_exponential,61.0,80.0,0.96,46.0,high
U033,aaps_exponential,21.0,40.0,0.8846153846153846,13.0,low
U033,aaps_exponential,47.0,70.0,1.0,29.0,high
U033,aaps_exponential,41.0,60.0,0.9444444444444444,34.0,high
U033,aaps_exponential,62.0,135.0,0.9574468085106383,21.0,medium
U033,aaps_exponential,40.0,70.0,0.9354838709677419,23.0,medium
U033,aaps_exponential,30.0,40.0,0.8676470588235294,20.0,medium
U033,aaps_exponential,27.0,45.0,1.0,19.0,medium
U033,aaps_exponential,31.0,50.0,0.9558823529411765,31.0,high
U033,aaps_exponential,32.0,75.0,1.0,18.0,high
U033,aaps_exponential,41.0,140.0,0.983739837398374,33.0,medium
U033,aaps_exponential,17.0,25.0,0.5277777777777778,14.0,low
U033,aaps_exponential,35.0,50.0,1.0,30.0,medium
U033,aaps_exponential,60.0,180.0,1.0,43.0,high
U033,aaps_exponential,35.0,105.0,0.971830985915493,26.0,medium
U033,aaps_exponential,72.0,70.0,0.8985507246376812,72.0,high
U033,aaps_exponential,47.0,115.0,0.9583333333333334,29.0,high
U033,aaps_exponential,35.0,70.0,1.0,26.0,high
U033,aaps_exponential,55.0,80.0,1.0,35.0,high
U033,aaps_exponential,19.0,45.0,0.9782608695652174,13.0,high
U033,aaps_exponential,135.0,190.0,0.958904109589041,40.0,high
U033,aaps_exponential,19.0,35.0,1.0,19.0,high
U033,aaps_exponential,45.0,50.0,0.9404761904761905,29.0,medium
U033,aaps_exponential,57.0,110.0,1.0,32.0,medium
U033,aaps_exponential,36.0,45.0,0.7777777777777778,32.0,medium
U033,aaps_exponential,42.0,35.0,0.9159663865546218,31.0,high
U033,aaps_exponential,36.0,90.0,1.0,21.0,high
U033,aaps_exponential,51.0,70.0,0.984,51.0,high
U033,aaps_exponential,64.0,185.0,1.0,42.0,high
U033,aaps_exponential,121.0,320.0,1.0,39.0,medium
U033,aaps_exponential,100.0,220.0,1.0,38.0,medium
U033,aaps_exponential,36.0,60.0,0.9444444444444444,28.0,high
U033,aaps_exponential,94.0,125.0,1.0,39.0,medium
U033,aaps_exponential,33.0,85.0,0.9726027397260274,33.0,medium
U033,aaps_exponential,72.0,140.0,0.9545454545454546,21.0,low
U033,aaps_exponential,38.0,35.0,0.9032258064516129,29.0,medium
U033,aaps_exponential,38.0,70.0,0.9459459459459459,20.0,medium
U033,aaps_exponential,68.0,150.0,0.9859154929577465,33.0,medium
U033,aaps_exponential,23.0,35.0,0.896551724137931,12.0,low
U033,aaps_exponential,87.0,140.0,1.0,51.0,high
U033,aaps_exponential,31.0,30.0,0.8333333333333334,31.0,medium
U033,aaps_exponential,34.0,60.0,1.0,17.0,high
U033,aaps_exponential,63.0,95.0,0.9784172661870504,63.0,high
U033,aaps_exponential,109.0,105.0,0.9861111111111112,44.0,high
U033,aaps_exponential,21.0,35.0,0.896551724137931,13.0,medium
U033,aaps_exponential,27.0,25.0,0.5344827586206896,25.0,medium
U033,aaps_exponential,24.0,70.0,0.9629629629629629,11.0,high
U033,aaps_exponential,23.0,35.0,0.9473684210526315,19.0,low
U033,aaps_exponential,40.0,130.0,0.96,21.0,high
U033,aaps_exponential,40.0,50.0,0.9027777777777778,29.0,medium
U033,aaps_exponential,52.0,70.0,0.9883720930232558,33.0,high
U033,aaps_exponential,21.0,45.0,0.84375,17.0,high
U033,aaps_exponential,94.0,125.0,1.0,67.0,high
U033,aaps_exponential,48.0,65.0,0.9444444444444444,35.0,high
U033,aaps_exponential,40.0,65.0,0.9661016949152542,32.0,high
U033,aaps_exponential,44.0,50.0,0.9157894736842105,44.0,high
U033,aaps_exponential,23.521028914757807,50.0,0.9736842105263158,22.137438978595583,high
U033,aaps_exponential,109.30360495681569,245.0,1.0,37.356928276380046,high
U033,aaps_exponential,55.34359744648896,95.0,0.9696969696969697,42.89128802102894,high
U033,aaps_exponential,53.96000751032673,85.0,0.9772727272727273,38.74051821254227,high
U033,aaps_exponential,37.356928276380046,35.0,0.8571428571428571,37.356928276380046,medium
U033,aaps_exponential,26.0,35.0,0.5277777777777778,13.0,medium
U033,aaps_exponential,35.0,95.0,0.9111111111111111,20.0,medium
U033,aaps_exponential,33.0,60.0,0.975,25.0,medium
U033,aaps_exponential,32.0,65.0,0.9104477611940298,29.0,medium
U033,aaps_exponential,63.0,100.0,0.9622641509433962,22.0,medium
U033,aaps_exponential,45.0,75.0,1.0,32.0,medium
U033,aaps_exponential,71.0,115.0,0.984375,40.0,high
U033,aaps_exponential,33.0,75.0,0.9534883720930233,16.0,medium
U033,aaps_exponential,34.0,70.0,0.8974358974358975,19.0,medium
U033,aaps_exponential,62.0,70.0,0.9928571428571429,48.0,high
U033,aaps_exponential,25.0,25.0,0.5609756097560976,11.0,low
U033,aaps_exponential,58.0,105.0,0.9824561403508771,21.0,medium
U033,aaps_exponential,50.0,45.0,0.9135802469135802,24.0,medium
U033,aaps_exponential,23.0,50.0,0.9795918367346939,23.0,medium
U033,aaps_exponential,23.0,70.0,0.9848484848484849,23.0,high
U033,aaps_exponential,74.0,85.0,1.0,33.0,high
U033,aaps_exponential,76.0,90.0,1.0,61.0,high
U033,aaps_exponential,46.0,120.0,0.9782608695652174,22.0,medium
U033,aaps_exponential,33.0,90.0,1.0,20.0,medium
U033,aaps_exponential,29.0,110.0,1.0,20.0,medium
U033,aaps_exponential,30.0,70.0,0.9545454545454546,20.0,medium
U033,aaps_exponential,38.0,35.0,0.7045454545454546,25.0,high
U033,aaps_exponential,28.0,40.0,0.875,26.0,low
U033,aaps_exponential,56.0,75.0,1.0,18.0,medium
U033,aaps_exponential,30.0,50.0,0.9767441860465116,20.0,low
U033,aaps_exponential,24.0,35.0,0.9361702127659575,12.0,low
U033,aaps_exponential,104.0,175.0,1.0,32.0,medium
U033,aaps_exponential,42.0,50.0,0.8144329896907216,42.0,high
U033,aaps_exponential,52.0,50.0,0.8863636363636364,38.0,medium
U033,aaps_exponential,21.0,30.0,0.9642857142857143,11.0,medium
U033,aaps_exponential,116.0,380.0,1.0,40.0,high
U033,aaps_exponential,34.0,60.0,0.9482758620689655,27.0,medium
U033,aaps_exponential,38.0,55.0,0.9444444444444444,21.0,medium
U033,aaps_exponential,32.0,35.0,0.8085106382978724,14.0,low
U033,aaps_exponential,58.0,125.0,0.96,20.0,high
U033,aaps_exponential,42.0,75.0,0.9714285714285714,32.0,high
U033,aaps_exponential,34.0,65.0,0.9428571428571428,20.0,high
U033,aaps_exponential,45.0,160.0,1.0,18.000000001427026,high
U033,aaps_exponential,50.0,80.0,0.9565217391304348,20.0,high
U033,aaps_exponential,36.0,75.0,1.0,28.0,medium
U033,aaps_exponential,61.0,75.0,1.0,41.0,high
U033,aaps_exponential,24.0,30.0,0.9264705882352942,14.0,low
U033,aaps_exponential,95.0,130.0,0.928,46.0,high
U033,aaps_exponential,44.0,75.0,0.9285714285714286,15.0,medium
U033,aaps_exponential,29.0,70.0,0.9863013698630136,18.0,medium
U033,aaps_exponential,65.0,90.0,0.9838709677419355,25.0,medium
U033,aaps_exponential,33.0,140.0,0.9661016949152542,28.0,high
U033,aaps_exponential,34.0,70.0,0.9583333333333334,19.0,medium
U033,aaps_exponential,22.0,35.0,0.9534883720930233,22.0,low
U033,aaps_exponential,40.0,45.0,0.975,39.0,medium
U033,aaps_exponential,42.0,115.0,0.9795918367346939,21.0,medium
U033,aaps_exponential,30.0,95.0,0.967741935483871,20.0,medium
U033,aaps_exponential,34.0,50.0,1.0,28.0,medium
U033,aaps_exponential,33.0,75.0,1.0,18.0,medium
U033,aaps_exponential,25.0,60.0,0.9534883720930233,17.0,medium
U033,aaps_exponential,54.72159999999998,70.0,1.0,48.77359999999999,high
U033,aaps_exponential,40.44639999999998,60.0,0.8399999999999991,19.03359999999998,low
U033,aaps_exponential,63.048799999999986,225.0,1.0,40.4464,high
U033,aaps_exponential,48.7736,140.0,0.9826086956521739,39.25680000000001,medium
U033,aaps_exponential,70.18639999999996,45.0,0.7848101265822784,27.360799999999983,medium
U033,aaps_exponential,72.56559999999996,70.0,0.9130434782608696,29.73999999999998,low
U033,aaps_exponential,22.60239999999999,40.0,0.9310344827586207,15.464799999999997,medium
U033,aaps_exponential,103.49519999999997,270.0,0.9791666666666667,21.41280000000002,medium
U033,aaps_exponential,46.39439999999999,60.0,0.9454545454545453,19.033599999999993,medium
U033,aaps_exponential,35.688,85.0,1.0,24.981600000000014,medium
U033,aaps_exponential,88.03039999999997,95.0,0.9142857142857144,40.44640000000001,high
U033,aaps_exponential,38.351591382314155,85.0,0.9821428571428573,38.351591382314155,medium
U033,aaps_exponential,22.662303998640198,45.0,0.8518518518518524,21.790676921769432,medium
U033,aaps_exponential,36.60452729693745,80.0,1.0,25.623169107856214,medium
U033,aaps_exponential,58.5672436750999,135.0,1.0,32.02896138482026,medium
U033,aaps_exponential,43.0103195739015,60.0,0.9821428571428573,22.87782956058591,medium
U033,aaps_exponential,34.774300932090554,60.0,0.9821428571428573,13.72669773635154,high
U033,aaps_exponential,29.28362183754996,40.0,1.0,18.302263648468724,medium
U033,aaps_exponential,83.61321946922989,160.0,1.0,24.730670547237025,medium
U033,aaps_exponential,27.085972504116725,45.0,1.0,14.131811741278298,medium
U033,aaps_exponential,24.439940759217393,50.0,1.0,24.439940759217393,medium
U033,aaps_exponential,46.43588744251305,140.0,1.0,31.771922986982617,medium
U033,aaps_exponential,31.771922986982617,35.0,1.0,21.995946683295656,medium
U033,aaps_exponential,36.65991113882609,105.0,1.0,20.77394964533478,high
U033,aaps_exponential,30.549925949021727,85.0,1.0,24.43994075921738,high
U033,aaps_exponential,30.549925949021727,45.0,1.0,28.10593187309999,high
U033,aaps_exponential,35.43791410086523,65.0,0.9090909090909087,19.55195260737392,medium
U033,aaps_exponential,30.54992594902174,50.0,0.9166666666666669,26.88393483513913,medium
U033,aaps_exponential,35.4379141008652,60.0,1.0,24.43994075921738,medium
U033,aaps_exponential,29.32792891106085,25.0,1.0,29.32792891106085,medium
U033,aaps_exponential,57.0,150.0,1.0,36.0,high
U033,aaps_exponential,31.0,80.0,1.0,21.0,high
U033,aaps_exponential,26.0,45.0,0.967741935483871,26.0,medium
U033,aaps_exponential,41.0,35.0,0.8421052631578947,41.0,medium
U033,aaps_exponential,59.049022588842874,125.0,1.0,25.795941375422757,medium
U033,aaps_exponential,64.15362726111894,95.0,0.9210526315789473,22.95962184412336,medium
U033,aaps_exponential,25.42282871739711,50.0,0.9000000000000007,17.287523527830032,medium
U033,aaps_exponential,25.127054265253264,45.0,1.0,13.705665962865424,medium
U033,aaps_exponential,31.97988724668599,105.0,1.0,19.41636011405936,medium
U033,aaps_exponential,21.7006377745369,55.0,0.9729729729729735,14.847804793104203,medium
U033,aaps_exponential,82.23399577719255,120.0,0.9411764705882353,28.55347075596964,medium
U033,aaps_exponential,23.984915435014486,40.0,0.956521739130435,12.563527132626632,low
U033,aaps_exponential,52.53838619098411,115.0,1.0,15.989943623342995,medium
U033,aaps_exponential,25.127054265253292,45.0,0.9090909090909093,15.98994362334301,medium
U033,aaps_exponential,48.26405867970655,50.0,0.9259259259259258,48.26405867970655,high
U033,aaps_exponential,21.833740831295827,35.0,0.9444444444444446,11.491442542787283,medium
U033,aaps_exponential,29.877750611246938,45.0,1.0,12.640586797066007,low
U033,aaps_exponential,20.68459657701709,45.0,0.9444444444444446,14.938875305623455,low
U033,aaps_exponential,33.32518337408308,55.0,0.9411764705882354,22.982885085574566,medium
U033,aaps_exponential,19.535452322738365,35.0,0.7187500000000001,16.088019559902193,medium
U033,aaps_exponential,31.329319686935634,60.0,0.8571428571428581,18.565522777443334,medium
U033,aaps_exponential,33.650010034116036,150.0,1.0,18.565522777443334,medium
U033,aaps_exponential,55.69656833233002,80.0,0.9791666666666669,20.886213124623765,medium
U033,aaps_exponential,34.875729414307344,115.0,0.9955194664404665,29.063107845256113,medium
U033,aaps_exponential,24.41301059001512,30.0,0.9111111111111111,24.41301059001512,low
U033,aaps_exponential,27.900583531445875,55.0,1.0,19.76291333477414,medium
U033,aaps_exponential,18.600389020963917,30.0,0.9473684210526312,15.112816079533175,medium
U033,trio_sgolay,26.0,35.0,1.0,10.0,low
U033,trio_sgolay,64.0,260.0,1.0,30.0,medium
U033,trio_sgolay,54.0,100.0,1.0,54.0,high
U033,trio_sgolay,99.0,260.0,0.9838709677419355,51.0,high
U033,trio_sgolay,59.0,175.0,1.0,36.0,medium
U033,trio_sgolay,87.0,350.0,1.0,31.0,high
U033,trio_sgolay,52.0,90.0,0.9607843137254902,33.0,high
U033,trio_sgolay,46.0,145.0,1.0,25.0,medium
U033,trio_sgolay,59.0,120.0,1.0,30.0,high
U033,trio_sgolay,40.0,70.0,0.9354838709677419,23.0,medium
U033,trio_sgolay,60.0,180.0,1.0,43.0,high
U033,trio_sgolay,55.0,80.0,1.0,35.0,high
U033,trio_sgolay,135.0,190.0,0.958904109589041,40.0,high
U033,trio_sgolay,64.0,185.0,1.0,42.0,high
U033,trio_sgolay,72.0,140.0,0.9545454545454546,21.0,low
U033,trio_sgolay,63.0,95.0,0.9784172661870504,63.0,high
U033,trio_sgolay,109.0,105.0,0.9861111111111112,44.0,high
U033,trio_sgolay,40.0,50.0,0.9027777777777778,29.0,medium
U033,trio_sgolay,55.34359744648896,95.0,0.9696969696969697,42.89128802102894,high
U033,trio_sgolay,53.96000751032673,85.0,0.9772727272727273,38.74051821254227,high
U033,trio_sgolay,26.0,35.0,0.5277777777777778,13.0,medium
U033,trio_sgolay,62.0,70.0,0.9928571428571429,48.0,high
U033,trio_sgolay,34.0,65.0,0.9428571428571428,20.0,high
U033,trio_sgolay,63.048799999999986,225.0,1.0,40.4464,high
U033,trio_sgolay,34.774300932090554,60.0,0.9821428571428573,13.72669773635154,high
U033,trio_sgolay,48.26405867970655,50.0,0.9259259259259258,48.26405867970655,high
U033,trio_sgolay,33.650010034116036,150.0,1.0,18.565522777443334,medium
U033,ukf,132.0,200.0,0.9714285714285714,51.0,high
U033,ukf,89.0,85.0,0.9830508474576272,31.0,medium
U033,ukf,59.97228260869571,135.0,1.0,32.44402173913048,medium
U033,ukf,50.14076086956527,105.0,1.0,19.663043478260875,medium
U033,ukf,26.0,35.0,1.0,10.0,low
U033,ukf,59.0,100.0,0.9523809523809523,46.0,high
U033,ukf,26.0,30.0,0.8461538461538461,14.0,low
U033,ukf,59.0,175.0,1.0,36.0,medium
U033,ukf,40.0,75.0,0.8571428571428571,29.0,medium
U033,ukf,46.0,145.0,1.0,25.0,medium
U033,ukf,20.0,50.0,0.9487179487179487,15.0,low
U033,ukf,43.0,75.0,0.95,35.0,low
U033,ukf,61.0,80.0,0.96,46.0,high
U033,ukf,55.0,80.0,1.0,35.0,high
U033,ukf,36.0,45.0,0.7777777777777778,32.0,medium
U033,ukf,38.0,70.0,0.9459459459459459,20.0,medium
U033,ukf,55.34359744648896,95.0,0.9696969696969697,42.89128802102894,high
U033,ukf,26.0,35.0,0.5277777777777778,13.0,medium
U033,ukf,63.0,100.0,0.9622641509433962,22.0,medium
U033,ukf,104.0,175.0,1.0,32.0,medium
U033,ukf,116.0,380.0,1.0,40.0,high
U033,ukf,61.0,75.0,1.0,41.0,high
U033,ukf,34.774300932090554,60.0,0.9821428571428573,13.72669773635154,high
U033,ukf,46.43588744251305,140.0,1.0,31.771922986982617,medium
U033,ukf,41.0,35.0,0.8421052631578947,41.0,medium
U033,ukf,31.97988724668599,105.0,1.0,19.41636011405936,medium
U033,ukf,33.650010034116036,150.0,1.0,18.565522777443334,medium
U047,aaps_average,24.0,25.0,0.5,16.0,low
U047,aaps_average,30.0,25.0,0.8333333333333334,18.0,low
U047,aaps_average,74.0,155.0,0.9818181818181818,26.0,low
U047,aaps_average,27.0,25.0,0.8275862068965517,17.0,low
U047,aaps_average,28.0,120.0,1.0,15.0,medium
U047,aaps_average,70.0,95.0,0.9523809523809523,22.0,medium
U047,aaps_average,25.0,35.0,1.0,19.0,medium
U047,aaps_average,35.0,40.0,0.8918918918918919,22.0,low
U047,aaps_average,22.0,40.0,1.0,20.0,medium
U047,aaps_average,34.0,45.0,1.0,19.0,low
U047,aaps_average,36.0,55.0,0.9230769230769231,10.0,medium
U047,aaps_average,19.0,25.0,0.48148148148148145,7.0,low
U047,aaps_average,33.0,40.0,0.967391304347826,26.0,low
U047,aaps_average,19.0,25.0,0.7111111111111111,10.0,low
U047,aaps_average,30.0,40.0,0.9387755102040817,24.0,low
U047,aaps_average,31.0,60.0,0.9333333333333333,13.0,low
U047,aaps_average,31.0,50.0,0.8571428571428571,14.0,low
U047,aaps_average,42.0,85.0,0.8787878787878788,20.0,medium
U047,aaps_average,24.0,25.0,0.9259259259259259,15.0,low
U047,aaps_average,28.0,25.0,0.5576923076923077,18.0,low
U047,aaps_average,38.0,55.0,1.0,17.0,medium
U047,aaps_average,24.0,60.0,0.8780487804878049,12.0,low
U047,aaps_average,17.0,30.0,0.9655172413793104,9.0,low
U047,aaps_average,22.0,25.0,0.6388888888888888,19.0,low
U047,aaps_average,105.0,105.0,0.8428571428571429,21.0,medium
U047,aaps_average,34.0,40.0,0.8,24.0,low
U047,aaps_average,37.0,50.0,0.9558823529411765,27.0,low
U047,aaps_average,36.0,60.0,0.9411764705882353,12.0,low
U047,aaps_average,34.0,105.0,0.9736842105263158,17.0,medium
U047,aaps_average,103.0,150.0,1.0,29.0,medium
U047,aaps_average,50.0,60.0,0.9574468085106383,19.0,low
U047,aaps_average,52.0,105.0,0.96875,23.0,medium
U047,aaps_average,17.0,25.0,0.7941176470588235,10.0,low
U047,aaps_average,27.0,30.0,0.6944444444444444,10.0,low
U047,aaps_average,25.0,30.0,1.0,12.0,low
U047,aaps_average,24.0,50.0,0.8936170212765957,16.0,low
U047,aaps_average,63.0,45.0,0.7959183673469388,17.0,medium
U047,aaps_average,55.0,80.0,0.9152542372881356,26.0,low
U047,aaps_average,17.0,25.0,0.9285714285714286,9.0,low
U047,aaps_average,33.0,35.0,1.0,17.0,medium
U047,aaps_average,20.0,40.0,1.0,15.0,low
U047,aaps_average,22.0,25.0,0.47058823529411764,9.0,low
U047,aaps_average,35.0,80.0,1.0,15.0,medium
U047,aaps_average,28.0,30.0,0.9629629629629629,12.0,low
U047,aaps_average,28.0,30.0,0.875,11.0,low
U047,aaps_average,31.0,50.0,0.90625,11.0,low
U047,aaps_average,21.0,30.0,0.9375,10.0,low
U047,aaps_average,32.0,35.0,0.6567164179104478,28.0,low
U047,aaps_average,23.0,45.0,0.9736842105263158,15.0,low
U047,aaps_average,25.0,40.0,0.9565217391304348,8.0,low
U047,aaps_average,75.0,85.0,1.0,18.0,high
U047,aaps_average,85.0,95.0,0.96875,26.0,medium
U047,aaps_average,82.0,220.0,0.9821428571428571,19.0,medium
U047,aaps_average,32.0,45.0,0.9333333333333333,21.0,low
U047,aaps_average,36.0,70.0,0.9285714285714286,13.0,low
U047,aaps_average,22.0,35.0,0.8823529411764706,13.0,low
U047,aaps_average,46.0,100.0,1.0,27.0,medium
U047,aaps_average,21.0,25.0,0.8181818181818182,17.0,low
U047,aaps_average,23.0,55.0,1.0,19.0,medium
U047,aaps_average,21.0,25.0,0.9666666666666667,8.0,medium
U047,aaps_average,20.0,30.0,0.84375,14.0,low
U047,aaps_average,53.0,90.0,0.9615384615384616,9.0,low
U047,aaps_average,60.0,75.0,0.9375,23.0,medium
U047,aaps_average,70.0,95.0,0.9696969696969697,16.0,medium
U047,aaps_average,62.0,50.0,0.9772727272727273,28.0,medium
U047,aaps_average,35.0,40.0,0.9285714285714286,19.0,low
U047,aaps_average,24.0,60.0,0.9743589743589743,10.0,medium
U047,aaps_average,56.0,190.0,1.0,21.0,medium
U047,aaps_average,24.0,30.0,0.8461538461538461,22.0,low
U047,aaps_average,25.0,25.0,0.875,16.0,low
U047,aaps_average,18.0,25.0,1.0,8.0,medium
U047,aaps_average,25.0,25.0,0.9428571428571428,10.0,low
U047,aaps_average,29.0,35.0,0.9318181818181818,12.0,low
U047,aaps_average,24.0,30.0,0.9333333333333333,13.0,low
U047,aaps_average,16.0,40.0,0.8888888888888888,12.0,low
U047,aaps_average,39.0,80.0,0.9393939393939394,18.0,medium
U047,aaps_average,27.0,35.0,0.7435897435897436,18.0,medium
U047,aaps_average,29.0,25.0,0.75,19.0,low
U047,aaps_average,33.0,95.0,0.9864864864864865,17.0,medium
U047,aaps_average,65.0,60.0,0.9787234042553191,25.0,medium
U047,aaps_average,94.0,165.0,1.0,33.0,medium
U047,aaps_average,28.0,65.0,0.9705882352941176,13.0,medium
U047,aaps_average,24.0,30.0,0.9583333333333334,12.0,low
U047,aaps_average,22.0,30.0,0.9696969696969697,22.0,low
U047,aaps_average,72.0,140.0,0.9333333333333333,18.0,medium
U047,aaps_average,27.0,50.0,0.8297872340425532,14.0,medium
U047,aaps_average,26.0,70.0,0.9666666666666667,17.0,high
U047,aaps_average,30.0,45.0,1.0,13.0,medium
U047,aaps_average,24.0,50.0,0.9615384615384616,8.0,low
U047,aaps_average,33.0,75.0,0.9642857142857143,13.0,medium
U047,aaps_average,25.0,30.0,0.9090909090909091,15.0,low
U047,aaps_average,20.0,45.0,0.9736842105263158,11.0,medium
U047,aaps_average,43.0,55.0,0.9791666666666666,16.0,low
U047,aaps_average,48.0,45.0,1.0,28.0,medium
U047,aaps_average,47.0,35.0,0.9818181818181818,21.0,low
U047,aaps_average,36.0,35.0,0.7692307692307693,14.0,low
U047,aaps_average,22.0,25.0,0.7307692307692307,12.0,low
U047,aaps_average,48.0,70.0,0.8636363636363636,15.0,high
U047,aaps_average,26.0,80.0,0.9285714285714286,14.0,low
U047,aaps_average,22.0,45.0,1.0,9.0,low
U047,aaps_exponential,24.0,25.0,0.5,16.0,low
U047,aaps_exponential,32.0,50.0,0.8604651162790697,14.0,low
U047,aaps_exponential,30.0,25.0,0.8333333333333334,18.0,low
U047,aaps_exponential,74.0,155.0,0.9818181818181818,26.0,low
U047,aaps_exponential,27.0,25.0,0.8275862068965517,17.0,low
U047,aaps_exponential,30.0,35.0,0.6666666666666666,11.0,low
U047,aaps_exponential,70.0,95.0,0.9523809523809523,22.0,medium
U047,aaps_exponential,18.0,45.0,0.9655172413793104,11.0,medium
U047,aaps_exponential,25.0,35.0,1.0,19.0,medium
U047,aaps_exponential,35.0,40.0,0.8918918918918919,22.0,low
U047,aaps_exponential,17.0,35.0,1.0,8.0,medium
U047,aaps_exponential,18.0,45.0,0.90625,10.0,low
U047,aaps_exponential,36.0,55.0,0.9230769230769231,10.0,medium
U047,aaps_exponential,33.0,40.0,0.967391304347826,26.0,low
U047,aaps_exponential,57.0,40.0,0.7222222222222222,27.0,medium
U047,aaps_exponential,19.0,25.0,0.7111111111111111,10.0,low
U047,aaps_exponential,31.0,60.0,0.9333333333333333,13.0,low
U047,aaps_exponential,20.0,30.0,0.9354838709677419,10.0,low
U047,aaps_exponential,42.0,85.0,0.8787878787878788,20.0,medium
U047,aaps_exponential,20.0,40.0,0.8666666666666667,13.0,low
U047,aaps_exponential,24.0,25.0,0.9259259259259259,15.0,low
U047,aaps_exponential,38.0,55.0,1.0,17.0,medium
U047,aaps_exponential,24.0,60.0,0.8780487804878049,12.0,low
U047,aaps_exponential,42.0,50.0,0.48717948717948717,12.0,low
U047,aaps_exponential,16.0,25.0,0.7222222222222222,12.0,medium
U047,aaps_exponential,20.0,40.0,0.75,13.0,low
U047,aaps_exponential,29.0,105.0,1.0,16.0,medium
U047,aaps_exponential,25.0,80.0,0.9722222222222222,14.0,medium
U047,aaps_exponential,105.0,105.0,0.8428571428571429,21.0,medium
U047,aaps_exponential,34.0,40.0,0.8,24.0,low
U047,aaps_exponential,36.0,60.0,0.9411764705882353,12.0,low
U047,aaps_exponential,34.0,105.0,0.9736842105263158,17.0,medium
U047,aaps_exponential,103.0,150.0,1.0,29.0,medium
U047,aaps_exponential,50.0,60.0,0.9574468085106383,19.0,low
U047,aaps_exponential,52.0,105.0,0.96875,23.0,medium
U047,aaps_exponential,28.0,45.0,1.0,8.0,medium
U047,aaps_exponential,17.0,25.0,0.7941176470588235,10.0,low
U047,aaps_exponential,27.0,30.0,0.6944444444444444,10.0,low
U047,aaps_exponential,25.0,30.0,1.0,12.0,low
U047,aaps_exponential,24.0,50.0,0.8936170212765957,16.0,low
U047,aaps_exponential,21.0,30.0,0.8387096774193549,9.0,low
U047,aaps_exponential,17.0,25.0,0.9285714285714286,9.0,low
U047,aaps_exponential,17.0,25.0,0.6410256410256411,11.0,low
U047,aaps_exponential,20.0,40.0,1.0,15.0,low
U047,aaps_exponential,22.0,25.0,0.47058823529411764,9.0,low
U047,aaps_exponential,31.0,50.0,0.90625,11.0,low
U047,aaps_exponential,37.0,50.0,0.8157894736842105,14.0,low
U047,aaps_exponential,21.0,30.0,0.9375,10.0,low
U047,aaps_exponential,42.0,50.0,0.9210526315789473,17.0,medium
U047,aaps_exponential,25.0,60.0,0.9583333333333334,11.0,high
U047,aaps_exponential,23.0,45.0,0.9736842105263158,15.0,low
U047,aaps_exponential,22.0,50.0,0.9629629629629629,10.0,medium
U047,aaps_exponential,75.0,85.0,1.0,18.0,high
U047,aaps_exponential,26.0,35.0,0.9523809523809523,14.0,low
U047,aaps_exponential,85.0,95.0,0.96875,26.0,medium
U047,aaps_exponential,32.0,45.0,0.9333333333333333,21.0,low
U047,aaps_exponential,55.0,60.0,0.6944444444444444,16.0,low
U047,aaps_exponential,36.0,70.0,0.9285714285714286,13.0,low
U047,aaps_exponential,27.0,25.0,0.9555555555555556,14.0,low
U047,aaps_exponential,22.0,35.0,0.8823529411764706,13.0,low
U047,aaps_exponential,46.0,100.0,1.0,27.0,medium
U047,aaps_exponential,15.0,25.0,0.9,9.0,low
U047,aaps_exponential,43.0,70.0,0.8620689655172413,19.0,medium
U047,aaps_exponential,44.0,45.0,0.96,22.0,low
U047,aaps_exponential,15.0,35.0,0.9428571428571428,8.0,low
U047,aaps_exponential,19.0,45.0,1.0,10.0,medium
U047,aaps_exponential,43.0,40.0,0.9272727272727272,15.0,low
U047,aaps_exponential,20.0,30.0,0.84375,14.0,low
U047,aaps_exponential,18.0,40.0,0.9743589743589743,10.0,medium
U047,aaps_exponential,60.0,75.0,0.9375,23.0,medium
U047,aaps_exponential,70.0,95.0,0.9696969696969697,16.0,medium
U047,aaps_exponential,62.0,50.0,0.9772727272727273,28.0,medium
U047,aaps_exponential,35.0,40.0,0.9285714285714286,19.0,low
U047,aaps_exponential,24.0,60.0,0.9743589743589743,10.0,medium
U047,aaps_exponential,56.0,190.0,1.0,21.0,medium
U047,aaps_exponential,21.0,45.0,0.8333333333333334,15.0,low
U047,aaps_exponential,53.0,35.0,0.5555555555555556,16.0,low
U047,aaps_exponential,17.0,35.0,0.875,7.0,low
U047,aaps_exponential,23.0,30.0,0.8518518518518519,9.0,low
U047,aaps_exponential,29.0,35.0,0.9318181818181818,12.0,low
U047,aaps_exponential,24.0,30.0,0.9333333333333333,13.0,low
U047,aaps_exponential,20.0,45.0,0.75,11.0,low
U047,aaps_exponential,39.0,80.0,0.9393939393939394,18.0,medium
U047,aaps_exponential,29.0,25.0,0.75,19.0,low
U047,aaps_exponential,33.0,95.0,0.9864864864864865,17.0,medium
U047,aaps_exponential,65.0,60.0,0.9787234042553191,25.0,medium
U047,aaps_exponential,94.0,165.0,1.0,33.0,medium
U047,aaps_exponential,24.0,30.0,0.9583333333333334,12.0,low
U047,aaps_exponential,22.0,30.0,0.9696969696969697,22.0,low
U047,aaps_exponential,44.0,75.0,0.9310344827586207,13.0,low
U047,aaps_exponential,35.0,50.0,0.9230769230769231,19.0,high
U047,aaps_exponential,27.0,50.0,0.8297872340425532,14.0,medium
U047,aaps_exponential,55.0,70.0,1.0,18.0,low
U047,aaps_exponential,19.0,30.0,0.7567567567567568,10.0,low
U047,aaps_exponential,33.0,75.0,0.9642857142857143,13.0,medium
U047,aaps_exponential,25.0,30.0,0.9090909090909091,15.0,low
U047,aaps_exponential,20.0,45.0,0.9736842105263158,11.0,medium
U047,aaps_exponential,37.0,60.0,0.9444444444444444,15.0,low
U047,aaps_exponential,40.0,45.0,0.9264705882352942,13.0,low
U047,aaps_exponential,18.0,50.0,0.9714285714285714,10.0,low
U047,aaps_exponential,28.0,30.0,0.8378378378378378,13.0,low
U047,aaps_exponential,22.0,25.0,0.7307692307692307,12.0,low
U047,aaps_exponential,15.0,25.0,0.875,7.0,low
U047,aaps_exponential,26.0,80.0,0.9285714285714286,14.0,low
U047,aaps_exponential,27.0,45.0,0.9583333333333334,13.0,low
U047,aaps_exponential,22.0,45.0,1.0,9.0,low
U047,trio_sgolay,25.0,35.0,1.0,19.0,medium
U047,trio_sgolay,19.0,25.0,0.48148148148148145,7.0,low
U047,trio_sgolay,33.0,40.0,0.967391304347826,26.0,low
U047,trio_sgolay,42.0,85.0,0.8787878787878788,20.0,medium
U047,trio_sgolay,17.0,30.0,0.9655172413793104,9.0,low
U047,trio_sgolay,22.0,25.0,0.6388888888888888,19.0,low
U047,trio_sgolay,37.0,50.0,0.9558823529411765,27.0,low
U047,trio_sgolay,50.0,60.0,0.9574468085106383,19.0,low
U047,trio_sgolay,63.0,45.0,0.7959183673469388,17.0,medium
U047,trio_sgolay,42.0,50.0,0.9210526315789473,17.0,medium
U047,trio_sgolay,85.0,95.0,0.96875,26.0,medium
U047,trio_sgolay,25.0,35.0,0.96,12.0,high
U047,trio_sgolay,32.0,45.0,0.9333333333333333,21.0,low
U047,trio_sgolay,18.0,25.0,0.6206896551724138,15.0,low
U047,trio_sgolay,20.0,30.0,0.84375,14.0,low
U047,trio_sgolay,56.0,190.0,1.0,21.0,medium
U047,trio_sgolay,94.0,165.0,1.0,33.0,medium
U047,trio_sgolay,47.0,35.0,0.9818181818181818,21.0,low
U047,ukf,74.0,155.0,0.9818181818181818,26.0,low
U047,ukf,25.0,35.0,1.0,19.0,medium
U047,ukf,33.0,40.0,0.967391304347826,26.0,low
U047,ukf,17.0,30.0,0.9655172413793104,9.0,low
U047,ukf,22.0,25.0,0.6388888888888888,19.0,low
U047,ukf,31.0,40.0,0.9873417721518988,17.0,low
U047,ukf,16.0,30.0,0.9210526315789473,12.0,low
U047,ukf,105.0,105.0,0.8428571428571429,21.0,medium
U047,ukf,34.0,40.0,0.8,24.0,low
U047,ukf,50.0,60.0,0.9574468085106383,19.0,low
U047,ukf,52.0,105.0,0.96875,23.0,medium
U047,ukf,22.0,25.0,0.47058823529411764,9.0,low
U047,ukf,32.0,45.0,0.9333333333333333,21.0,low
U047,ukf,23.0,55.0,1.0,19.0,medium
U047,ukf,44.0,45.0,0.96,22.0,low
U047,ukf,20.0,30.0,0.84375,14.0,low
U047,ukf,62.0,50.0,0.9772727272727273,28.0,medium
U047,ukf,56.0,190.0,1.0,21.0,medium
U047,ukf,25.0,25.0,0.9428571428571428,10.0,low
U047,ukf,39.0,80.0,0.9393939393939394,18.0,medium
U047,ukf,94.0,165.0,1.0,33.0,medium
U047,ukf,72.0,140.0,0.9333333333333333,18.0,medium
U047,ukf,43.0,55.0,0.9791666666666666,16.0,low
U047,ukf,47.0,35.0,0.9818181818181818,21.0,low
U047,ukf,48.0,70.0,0.8636363636363636,15.0,high
U053,aaps_average,27.0,65.0,0.975609756097561,19.0,medium
U053,aaps_average,29.0,40.0,0.9423076923076923,18.0,low
U053,aaps_average,43.0,90.0,0.9523809523809523,12.0,high
U053,aaps_average,38.0,70.0,0.9722222222222222,25.0,high
U053,aaps_average,40.0,95.0,0.9375,17.0,medium
U053,aaps_average,26.0,25.0,0.9565217391304348,14.0,low
U053,aaps_average,34.0,30.0,0.96,21.0,low
U053,aaps_average,23.0,25.0,0.9230769230769231,15.0,low
U053,aaps_average,25.0,25.0,0.696969696969697,16.0,low
U053,aaps_average,29.0,30.0,0.9705882352941176,13.0,low
U053,aaps_average,44.0,55.0,1.0,22.0,low
U053,aaps_average,71.0,100.0,1.0,29.0,medium
U053,aaps_average,17.0,45.0,0.9393939393939394,17.0,low
U053,aaps_average,41.0,65.0,0.9827586206896551,20.0,medium
U053,aaps_average,34.0,95.0,0.9565217391304348,26.0,low
U053,aaps_average,19.0,25.0,0.88,12.0,low
U053,aaps_average,45.0,55.0,1.0,8.0,low
U053,aaps_average,32.0,30.0,0.7142857142857143,15.0,medium
U053,aaps_average,17.0,25.0,0.7058823529411765,12.0,low
U053,aaps_average,20.0,25.0,0.6818181818181818,10.0,low
U053,aaps_average,18.0,30.0,0.6666666666666666,18.0,low
U053,aaps_average,24.0,25.0,0.45454545454545453,21.0,low
U053,aaps_average,46.0,95.0,0.9230769230769231,24.0,medium
U053,aaps_average,39.0,60.0,0.9433962264150944,18.0,low
U053,aaps_average,44.0,50.0,0.9183673469387755,19.0,low
U053,aaps_average,34.0,30.0,0.9230769230769231,15.0,low
U053,aaps_average,28.0,35.0,1.0,17.0,medium
U053,aaps_average,39.0,60.0,0.96875,23.0,high
U053,aaps_average,24.0,30.0,0.95,12.0,low
U053,aaps_average,54.0,80.0,0.9024390243902439,15.0,low
U053,aaps_average,56.0,50.0,0.5769230769230769,14.0,low
U053,aaps_average,22.0,25.0,0.8,12.0,low
U053,aaps_average,32.0,30.0,0.9166666666666666,16.0,low
U053,aaps_average,34.0,30.0,0.8095238095238095,15.0,low
U053,aaps_average,27.0,40.0,0.9782608695652174,12.0,medium
U053,aaps_average,56.0,35.0,0.8314606741573034,30.0,medium
U053,aaps_average,30.0,35.0,0.9117647058823529,13.0,medium
U053,aaps_average,27.0,35.0,1.0,19.0,medium
U053,aaps_average,36.0,50.0,0.9615384615384616,16.0,medium
U053,aaps_average,29.0,25.0,0.7884615384615384,19.0,low
U053,aaps_average,21.0,25.0,0.6,10.0,low
U053,aaps_average,21.0,25.0,0.6764705882352942,10.0,low
U053,aaps_average,32.0,85.0,0.9761904761904762,15.0,medium
U053,aaps_average,15.0,25.0,0.6666666666666666,9.0,low
U053,aaps_average,30.0,50.0,0.9615384615384616,17.0,medium
U053,aaps_average,29.0,30.0,0.5849056603773585,14.0,low
U053,aaps_average,17.0,25.0,0.9047619047619048,9.0,low
U053,aaps_average,40.0,50.0,0.9342105263157895,30.0,medium
U053,aaps_average,43.0,50.0,0.9574468085106383,16.0,medium
U053,aaps_average,40.0,45.0,0.8360655737704918,21.0,low
U053,aaps_average,48.0,35.0,0.8085106382978723,23.0,low
U053,aaps_average,102.0,110.0,0.96,31.0,medium
U053,aaps_average,94.0,125.0,1.0,29.0,medium
U053,aaps_average,19.0,25.0,0.6363636363636364,9.0,low
U053,aaps_average,56.0,45.0,0.6923076923076923,21.0,low
U053,aaps_average,36.0,30.0,0.9,17.0,low
U053,aaps_average,18.0,25.0,1.0,10.0,low
U053,aaps_average,21.0,40.0,0.9767441860465116,16.0,low
U053,aaps_average,27.0,25.0,1.0,18.0,low
U053,aaps_average,56.0,25.0,0.9607843137254902,35.0,low
U053,aaps_average,23.0,30.0,0.7924528301886793,9.0,low
U053,aaps_exponential,17.0,25.0,1.0,8.0,low
U053,aaps_exponential,42.0,40.0,0.9411764705882353,15.0,medium
U053,aaps_exponential,27.0,65.0,0.975609756097561,19.0,medium
U053,aaps_exponential,29.0,40.0,0.9423076923076923,18.0,low
U053,aaps_exponential,43.0,90.0,0.9523809523809523,12.0,high
U053,aaps_exponential,38.0,70.0,0.9722222222222222,25.0,high
U053,aaps_exponential,40.0,95.0,0.9375,17.0,medium
U053,aaps_exponential,26.0,25.0,0.9565217391304348,14.0,low
U053,aaps_exponential,34.0,30.0,0.96,21.0,low
U053,aaps_exponential,16.0,25.0,0.9285714285714286,11.0,low
U053,aaps_exponential,42.0,55.0,0.972972972972973,15.0,medium
U053,aaps_exponential,19.0,25.0,0.9090909090909091,10.0,low
U053,aaps_exponential,29.0,30.0,0.9705882352941176,13.0,low
U053,aaps_exponential,44.0,55.0,1.0,22.0,low
U053,aaps_exponential,71.0,100.0,1.0,29.0,medium
U053,aaps_exponential,19.0,25.0,0.95,7.0,medium
U053,aaps_exponential,32.0,30.0,0.8461538461538461,15.0,medium
U053,aaps_exponential,39.0,50.0,0.9473684210526315,16.0,low
U053,aaps_exponential,17.0,35.0,0.9333333333333333,13.0,low
U053,aaps_exponential,41.0,65.0,0.9827586206896551,20.0,medium
U053,aaps_exponential,39.0,50.0,1.0,19.0,medium
U053,aaps_exponential,34.0,95.0,0.9565217391304348,26.0,low
U053,aaps_exponential,18.0,45.0,1.0,10.0,low
U053,aaps_exponential,45.0,55.0,1.0,8.0,low
U053,aaps_exponential,22.0,30.0,0.8888888888888888,10.0,low
U053,aaps_exponential,17.0,25.0,0.7058823529411765,12.0,low
U053,aaps_exponential,18.0,35.0,0.8888888888888888,10.0,low
U053,aaps_exponential,21.0,40.0,0.9696969696969697,16.0,medium
U053,aaps_exponential,46.0,95.0,0.9230769230769231,24.0,medium
U053,aaps_exponential,26.0,25.0,0.8888888888888888,13.0,low
U053,aaps_exponential,44.0,50.0,0.9183673469387755,19.0,low
U053,aaps_exponential,39.0,60.0,0.96875,23.0,high
U053,aaps_exponential,24.0,30.0,0.95,12.0,low
U053,aaps_exponential,29.0,35.0,0.8048780487804879,19.0,low
U053,aaps_exponential,65.0,40.0,1.0,17.0,low
U053,aaps_exponential,56.0,50.0,0.5769230769230769,14.0,low
U053,aaps_exponential,32.0,30.0,0.9166666666666666,16.0,low
U053,aaps_exponential,27.0,40.0,0.9782608695652174,12.0,medium
U053,aaps_exponential,56.0,35.0,0.8314606741573034,30.0,medium
U053,aaps_exponential,17.0,25.0,0.9545454545454546,7.0,low
U053,aaps_exponential,16.0,35.0,0.875,9.0,low
U053,aaps_exponential,17.0,30.0,0.8484848484848485,10.0,low
U053,aaps_exponential,21.0,25.0,0.6,10.0,low
U053,aaps_exponential,15.0,25.0,1.0,8.0,low
U053,aaps_exponential,21.0,25.0,0.6764705882352942,10.0,low
U053,aaps_exponential,30.0,50.0,0.9615384615384616,17.0,medium
U053,aaps_exponential,23.0,25.0,0.3783783783783784,12.0,low
U053,aaps_exponential,17.0,25.0,0.9047619047619048,9.0,low
U053,aaps_exponential,40.0,50.0,0.9342105263157895,30.0,medium
U053,aaps_exponential,43.0,50.0,0.9574468085106383,16.0,medium
U053,aaps_exponential,48.0,35.0,0.8085106382978723,23.0,low
U053,aaps_exponential,19.0,35.0,0.9705882352941176,9.0,low
U053,aaps_exponential,102.0,110.0,0.96,31.0,medium
U053,aaps_exponential,76.0,70.0,0.85,33.0,low
U053,aaps_exponential,94.0,125.0,1.0,29.0,medium
U053,aaps_exponential,19.0,25.0,0.6363636363636364,9.0,low
U053,aaps_exponential,56.0,45.0,0.6923076923076923,21.0,low
U053,aaps_exponential,44.0,70.0,0.9705882352941176,17.0,medium
U053,aaps_exponential,18.0,25.0,1.0,10.0,low
U053,aaps_exponential,21.0,40.0,0.9767441860465116,16.0,low
U053,aaps_exponential,42.0,35.0,0.8,16.0,low
U053,aaps_exponential,27.0,25.0,1.0,18.0,low
U053,aaps_exponential,18.0,25.0,0.8529411764705882,7.0,low
U053,aaps_exponential,20.0,40.0,0.9166666666666666,9.0,medium
U053,aaps_exponential,48.0,40.0,0.6470588235294118,13.0,low
U053,trio_sgolay,23.0,25.0,0.9230769230769231,15.0,low
U053,trio_sgolay,71.0,100.0,1.0,29.0,medium
U053,trio_sgolay,46.0,95.0,0.9230769230769231,24.0,medium
U053,trio_sgolay,44.0,50.0,0.9183673469387755,19.0,low
U053,trio_sgolay,28.0,35.0,1.0,17.0,medium
U053,trio_sgolay,56.0,35.0,0.8314606741573034,30.0,medium
U053,trio_sgolay,30.0,35.0,0.9117647058823529,13.0,medium
U053,trio_sgolay,29.0,25.0,0.7884615384615384,19.0,low
U053,ukf,29.0,40.0,0.9423076923076923,18.0,low
U053,ukf,38.0,70.0,0.9722222222222222,25.0,high
U053,ukf,40.0,95.0,0.9375,17.0,medium
U053,ukf,26.0,25.0,0.9565217391304348,14.0,low
U053,ukf,23.0,25.0,0.9230769230769231,15.0,low
U053,ukf,44.0,55.0,1.0,22.0,low
U053,ukf,71.0,100.0,1.0,29.0,medium
U053,ukf,46.0,95.0,0.9230769230769231,24.0,medium
U053,ukf,44.0,50.0,0.9183673469387755,19.0,low
U053,ukf,28.0,35.0,1.0,17.0,medium
U053,ukf,29.0,35.0,0.8048780487804879,19.0,low
U053,ukf,56.0,35.0,0.8314606741573034,30.0,medium
U053,ukf,36.0,50.0,0.9615384615384616,16.0,medium
U053,ukf,29.0,25.0,0.7884615384615384,19.0,low
U053,ukf,15.0,25.0,0.6666666666666666,9.0,low
U053,ukf,27.0,25.0,1.0,18.0,low
U073,aaps_average,24.0,35.0,0.9636363636363636,20.0,low
U073,aaps_average,36.0,50.0,0.9864864864864865,19.0,medium
U073,aaps_average,37.0,50.0,0.9285714285714286,15.0,medium
U073,aaps_average,34.0,85.0,0.9615384615384616,19.0,low
U073,aaps_average,17.0,25.0,0.36363636363636365,8.0,low
U073,aaps_average,21.0,25.0,0.46875,13.0,low
U073,aaps_average,43.0,40.0,0.9710144927536232,19.0,medium
U073,aaps_average,25.0,45.0,0.6666666666666666,15.0,medium
U073,aaps_average,21.0,25.0,0.6388888888888888,9.0,low
U073,aaps_average,31.0,35.0,0.9344262295081968,14.0,low
U073,aaps_average,23.0,35.0,0.868421052631579,12.0,low
U073,aaps_average,34.0,50.0,0.9354838709677419,11.0,low
U073,aaps_average,20.0,25.0,0.9545454545454546,9.0,low
U073,aaps_average,21.0,40.0,1.0,10.0,medium
U073,aaps_average,28.0,30.0,0.8846153846153846,21.0,low
U073,aaps_average,41.0,105.0,0.9714285714285714,27.0,medium
U073,aaps_average,17.0,30.0,0.918918918918919,10.0,low
U073,aaps_average,49.0,35.0,0.8611111111111112,26.0,low
U073,aaps_average,42.0,50.0,0.925,34.0,medium
U073,aaps_average,32.0,80.0,1.0,11.0,medium
U073,aaps_average,85.0,65.0,0.9594594594594594,31.0,low
U073,aaps_average,21.0,25.0,0.8,12.0,low
U073,aaps_average,64.0,90.0,0.9318181818181818,25.0,low
U073,aaps_average,60.0,40.0,0.8870967741935484,34.0,medium
U073,aaps_average,31.0,50.0,0.984375,21.0,low
U073,aaps_average,20.0,40.0,0.75,10.0,low
U073,aaps_average,54.0,180.0,0.96875,19.0,medium
U073,aaps_average,54.0,50.0,0.9577464788732394,23.0,high
U073,aaps_average,32.0,50.0,0.9591836734693877,21.0,medium
U073,aaps_average,66.0,95.0,0.9811320754716981,12.0,high
U073,aaps_average,34.0,40.0,0.9122807017543859,18.0,medium
U073,aaps_average,61.0,65.0,0.8813559322033898,24.0,low
U073,aaps_average,50.0,60.0,0.9767441860465116,31.0,medium
U073,aaps_average,39.0,35.0,0.7560975609756098,18.0,low
U073,aaps_average,52.0,150.0,0.9636363636363636,21.0,medium
U073,aaps_average,26.0,50.0,0.9230769230769231,15.0,low
U073,aaps_average,90.0,80.0,0.9245283018867925,25.0,medium
U073,aaps_average,77.0,85.0,0.8666666666666667,28.0,medium
U073,aaps_average,27.0,30.0,0.896551724137931,18.0,low
U073,aaps_exponential,15.0,25.0,0.8064516129032258,7.0,low
U073,aaps_exponential,24.0,35.0,0.9636363636363636,20.0,low
U073,aaps_exponential,16.0,25.0,0.8367346938775511,6.0,low
U073,aaps_exponential,20.0,25.0,0.8846153846153846,10.0,low
U073,aaps_exponential,15.0,25.0,0.8571428571428571,10.0,low
U073,aaps_exponential,23.0,45.0,0.9259259259259259,18.0,medium
U073,aaps_exponential,37.0,50.0,0.9285714285714286,15.0,medium
U073,aaps_exponential,48.0,50.0,0.9883720930232558,24.0,medium
U073,aaps_exponential,30.0,35.0,0.6896551724137931,12.0,low
U073,aaps_exponential,80.0,85.0,0.9230769230769231,26.0,medium
U073,aaps_exponential,18.0,40.0,0.9444444444444444,10.0,high
U073,aaps_exponential,19.0,40.0,1.0,11.0,medium
U073,aaps_exponential,18.0,25.0,0.85,7.0,low
U073,aaps_exponential,19.0,40.0,0.8823529411764706,8.0,low
U073,aaps_exponential,16.0,35.0,0.9210526315789473,8.0,low
U073,aaps_exponential,43.0,40.0,0.9710144927536232,19.0,medium
U073,aaps_exponential,25.0,45.0,0.6666666666666666,15.0,medium
U073,aaps_exponential,21.0,25.0,0.6388888888888888,9.0,low
U073,aaps_exponential,25.0,30.0,0.56,13.0,low
U073,aaps_exponential,55.0,45.0,0.9534883720930233,15.0,low
U073,aaps_exponential,30.0,35.0,0.875,23.0,low
U073,aaps_exponential,31.0,35.0,0.9344262295081968,14.0,low
U073,aaps_exponential,26.0,30.0,0.46875,9.0,low
U073,aaps_exponential,23.0,35.0,0.868421052631579,12.0,low
U073,aaps_exponential,34.0,50.0,0.9354838709677419,11.0,low
U073,aaps_exponential,21.0,40.0,1.0,10.0,medium
U073,aaps_exponential,22.0,30.0,0.5,8.0,low
U073,aaps_exponential,41.0,105.0,0.9714285714285714,27.0,medium
U073,aaps_exponential,17.0,30.0,0.918918918918919,10.0,low
U073,aaps_exponential,49.0,35.0,0.8611111111111112,26.0,low
U073,aaps_exponential,17.0,25.0,0.9333333333333333,13.0,low
U073,aaps_exponential,15.0,25.0,0.6388888888888888,6.0,low
U073,aaps_exponential,33.0,40.0,0.9761904761904762,14.0,medium
U073,aaps_exponential,32.0,80.0,1.0,11.0,medium
U073,aaps_exponential,85.0,65.0,0.9594594594594594,31.0,low
U073,aaps_exponential,43.0,50.0,0.5142857142857142,12.0,low
U073,aaps_exponential,21.0,25.0,0.8,12.0,low
U073,aaps_exponential,64.0,90.0,0.9318181818181818,25.0,low
U073,aaps_exponential,30.0,60.0,0.9743589743589743,12.0,high
U073,aaps_exponential,60.0,40.0,0.8870967741935484,34.0,medium
U073,aaps_exponential,31.0,50.0,0.984375,21.0,low
U073,aaps_exponential,26.0,25.0,0.3611111111111111,19.0,low
U073,aaps_exponential,31.0,55.0,0.8636363636363636,10.0,low
U073,aaps_exponential,20.0,70.0,0.8620689655172413,10.0,medium
U073,aaps_exponential,21.0,40.0,0.8,6.0,low
U073,aaps_exponential,17.0,25.0,0.48,10.0,low
U073,aaps_exponential,54.0,180.0,0.96875,19.0,medium
U073,aaps_exponential,54.0,50.0,0.9577464788732394,23.0,high
U073,aaps_exponential,32.0,50.0,0.9591836734693877,21.0,medium
U073,aaps_exponential,66.0,95.0,0.9811320754716981,12.0,high
U073,aaps_exponential,34.0,40.0,0.9122807017543859,18.0,medium
U073,aaps_exponential,30.0,35.0,1.0,23.0,medium
U073,aaps_exponential,61.0,65.0,0.8813559322033898,24.0,low
U073,aaps_exponential,26.0,50.0,0.9230769230769231,15.0,low
U073,aaps_exponential,56.0,30.0,0.4954954954954955,34.0,low
U073,aaps_exponential,39.0,45.0,0.9090909090909091,13.0,medium
U073,aaps_exponential,15.0,25.0,0.975,12.0,high
U073,trio_sgolay,21.0,25.0,0.46875,13.0,low
U073,trio_sgolay,43.0,40.0,0.9710144927536232,19.0,medium
U073,trio_sgolay,31.0,35.0,0.9344262295081968,14.0,low
U073,trio_sgolay,17.0,30.0,0.918918918918919,10.0,low
U073,trio_sgolay,21.0,25.0,0.8,12.0,low
U073,trio_sgolay,34.0,40.0,0.9122807017543859,18.0,medium
U073,trio_sgolay,26.0,50.0,0.9230769230769231,15.0,low
U073,ukf,34.0,85.0,0.9615384615384616,19.0,low
U073,ukf,21.0,25.0,0.46875,13.0,low
U073,ukf,43.0,40.0,0.9710144927536232,19.0,medium
U073,ukf,21.0,25.0,0.6388888888888888,9.0,low
U073,ukf,21.0,40.0,1.0,10.0,medium
U073,ukf,41.0,105.0,0.9714285714285714,27.0,medium
U073,ukf,49.0,35.0,0.8611111111111112,26.0,low
U073,ukf,21.0,25.0,0.8,12.0,low
U073,ukf,64.0,90.0,0.9318181818181818,25.0,low
U073,ukf,34.0,40.0,0.9122807017543859,18.0,medium
U073,ukf,61.0,65.0,0.8813559322033898,24.0,low
U073,ukf,26.0,50.0,0.9230769230769231,15.0,low
U073,ukf,27.0,30.0,0.896551724137931,18.0,low
U122,aaps_average,31.0,75.0,0.9333333333333333,20.0,medium
U122,aaps_average,132.0,125.0,0.8787878787878788,52.0,high
U122,aaps_average,70.0,90.0,0.9647058823529412,32.0,high
U122,aaps_average,26.0,45.0,1.0,16.0,low
U122,aaps_average,19.0,70.0,1.0,17.0,medium
U122,aaps_average,24.0,50.0,0.9038461538461539,11.0,low
U122,aaps_average,32.0,75.0,1.0,15.0,medium
U122,aaps_average,27.0,40.0,1.0,15.0,low
U122,aaps_average,37.0,50.0,0.9767441860465116,21.0,medium
U122,aaps_average,16.0,25.0,0.6060606060606061,11.0,low
U122,aaps_average,25.0,30.0,0.48484848484848486,8.0,low
U122,aaps_average,16.0,30.0,0.7777777777777778,8.0,low
U122,aaps_average,56.0,85.0,0.9583333333333334,33.0,medium
U122,aaps_average,32.0,45.0,0.8571428571428571,22.0,medium
U122,aaps_average,15.0,30.0,0.875,8.0,low
U122,aaps_average,16.0,25.0,0.627906976744186,12.0,low
U122,aaps_average,46.0,65.0,0.9605263157894737,32.0,medium
U122,aaps_average,35.0,30.0,0.9743589743589743,34.0,low
U122,aaps_average,51.0,45.0,0.95,24.0,low
U122,aaps_average,95.0,55.0,0.7942857142857143,75.0,medium
U122,aaps_average,100.0,45.0,0.745945945945946,94.0,medium
U122,aaps_average,47.0,40.0,1.0,41.0,medium
U122,aaps_average,105.0,140.0,1.0,93.0,high
U122,aaps_average,30.0,50.0,0.8688524590163934,21.0,medium
U122,aaps_average,28.0,30.0,0.6666666666666666,18.0,low
U122,aaps_average,36.0,100.0,0.9459459459459459,15.0,medium
U122,aaps_average,19.0,50.0,1.0,19.0,low
U122,aaps_average,25.0,50.0,0.9411764705882353,19.0,low
U122,aaps_average,31.0,145.0,1.0,14.0,medium
U122,aaps_average,35.0,80.0,1.0,26.0,medium
U122,aaps_average,37.0,55.0,0.9622641509433962,25.0,low
U122,aaps_average,25.0,65.0,1.0,19.0,low
U122,aaps_average,24.0,45.0,1.0,21.0,medium
U122,aaps_average,18.0,25.0,0.9117647058823529,9.0,low
U122,aaps_average,44.0,75.0,0.9117647058823529,19.0,medium
U122,aaps_average,38.0,75.0,0.9512195121951219,15.0,medium
U122,aaps_average,22.0,50.0,0.8214285714285714,17.0,medium
U122,aaps_average,100.0,55.0,0.9358974358974359,63.0,medium
U122,aaps_average,47.0,80.0,1.0,13.0,high
U122,aaps_average,21.0,55.0,1.0,11.0,high
U122,aaps_average,57.0,40.0,0.9864864864864865,57.0,high
U122,aaps_average,95.0,110.0,0.9411764705882353,29.0,high
U122,aaps_average,44.0,75.0,1.0,36.0,high
U122,aaps_average,57.0,45.0,1.0,57.0,medium
U122,aaps_average,84.0,95.0,0.9919354838709677,41.0,high
U122,aaps_average,81.0,125.0,0.9841269841269841,25.0,medium
U122,aaps_average,29.0,35.0,0.48717948717948717,29.0,low
U122,aaps_average,122.0,75.0,0.9157894736842105,122.0,high
U122,aaps_average,113.0,155.0,0.9411764705882353,31.0,low
U122,aaps_average,28.0,30.0,0.6875,15.0,low
U122,aaps_average,55.0,50.0,0.9661016949152542,49.0,high
U122,aaps_average,89.0,165.0,1.0,44.0,high
U122,aaps_average,47.0,65.0,0.9807692307692307,47.0,high
U122,aaps_average,66.0,70.0,1.0,51.0,high
U122,aaps_average,40.0,140.0,0.9642857142857143,29.0,medium
U122,aaps_average,31.0,75.0,1.0,20.0,medium
U122,aaps_average,43.0,70.0,1.0,22.0,medium
U122,aaps_average,50.0,55.0,1.0,36.0,medium
U122,aaps_average,58.0,85.0,0.9925373134328358,54.0,high
U122,aaps_average,62.0,80.0,0.9586776859504132,57.0,medium
U122,aaps_average,90.0,45.0,1.0,90.0,medium
U122,aaps_average,38.0,50.0,0.9466666666666667,29.0,low
U122,aaps_average,49.0,80.0,0.9880952380952381,36.0,medium
U122,aaps_average,67.0,90.0,0.974025974025974,25.0,medium
U122,aaps_average,45.0,55.0,1.0,28.0,medium
U122,aaps_average,32.0,40.0,0.9285714285714286,17.0,low
U122,aaps_average,27.0,35.0,0.9574468085106383,12.0,low
U122,aaps_average,35.0,80.0,1.0,15.0,medium
U122,aaps_average,35.0,50.0,0.9545454545454546,17.0,low
U122,aaps_average,34.0,50.0,1.0,18.0,medium
U122,aaps_average,26.0,55.0,0.9285714285714286,13.0,low
U122,aaps_average,25.0,35.0,0.8103448275862069,25.0,low
U122,aaps_average,22.0,25.0,0.9178082191780822,13.0,low
U122,aaps_average,19.0,30.0,0.8108108108108109,16.0,low
U122,aaps_average,35.0,45.0,0.85,18.0,low
U122,aaps_average,18.0,25.0,0.8823529411764706,14.0,low
U122,aaps_average,27.0,45.0,0.9574468085106383,24.0,medium
U122,aaps_average,29.0,60.0,0.91,27.0,high
U122,aaps_average,70.0,60.0,0.9230769230769231,44.0,high
U122,aaps_average,38.0,50.0,1.0,28.0,medium
U122,aaps_average,49.0,55.0,0.9915966386554622,49.0,high
U122,aaps_average,58.0,50.0,0.9821428571428571,57.0,high
U122,aaps_average,195.0,40.0,0.9837209302325581,195.0,high
U122,aaps_average,105.0,210.0,0.9924812030075187,53.0,high
U122,aaps_average,104.0,70.0,0.8611111111111112,104.0,high
U122,aaps_average,28.0,45.0,0.9264705882352942,21.0,low
U122,aaps_average,45.0,35.0,0.9897959183673469,45.0,high
U122,aaps_average,27.0,70.0,1.0,16.0,medium
U122,aaps_average,50.0,130.0,0.9615384615384616,50.0,medium
U122,aaps_average,55.0,55.0,0.9363636363636364,49.0,high
U122,aaps_average,32.0,80.0,1.0,24.0,medium
U122,aaps_average,54.0,95.0,1.0,24.0,medium
U122,aaps_average,23.0,55.0,1.0,16.0,medium
U122,aaps_average,35.0,25.0,0.7323943661971831,16.0,low
U122,aaps_average,42.0,60.0,0.9473684210526315,24.0,low
U122,aaps_average,115.0,70.0,0.9959183673469387,78.0,high
U122,aaps_average,52.0,45.0,0.6774193548387096,19.0,low
U122,aaps_average,46.0,75.0,0.9361702127659575,14.0,low
U122,aaps_average,26.0,35.0,0.9411764705882353,15.0,low
U122,aaps_average,36.0,55.0,0.9032258064516129,11.0,low
U122,aaps_average,32.0,40.0,0.890625,18.0,medium
U122,aaps_average,20.0,25.0,0.37037037037037035,6.0,low
U122,aaps_average,62.0,35.0,0.9701492537313433,62.0,medium
U122,aaps_average,41.0,55.0,0.9910714285714286,39.0,medium
U122,aaps_average,24.0,45.0,0.9024390243902439,15.0,low
U122,aaps_average,25.0,45.0,1.0,13.0,medium
U122,aaps_average,123.0,45.0,0.9403669724770642,101.0,high
U122,aaps_average,131.0,50.0,0.9854545454545455,131.0,high
U122,aaps_average,33.0,70.0,1.0,16.0,high
U122,aaps_average,38.0,50.0,0.9333333333333333,30.0,high
U122,aaps_average,59.0,50.0,0.9919354838709677,59.0,high
U122,aaps_average,23.0,35.0,0.8709677419354839,23.0,low
U122,aaps_average,78.0,45.0,0.9870967741935484,78.0,high
U122,aaps_average,42.0,45.0,0.6666666666666666,11.0,low
U122,aaps_average,73.0,75.0,0.9861111111111112,73.0,high
U122,aaps_average,32.0,45.0,0.98,22.0,low
U122,aaps_average,34.0,30.0,0.6086956521739131,16.0,low
U122,aaps_average,89.0,60.0,0.9777777777777777,89.0,high
U122,aaps_average,39.0,45.0,0.967741935483871,21.0,low
U122,aaps_exponential,31.0,75.0,0.9333333333333333,20.0,medium
U122,aaps_exponential,132.0,125.0,0.8787878787878788,52.0,high
U122,aaps_exponential,70.0,90.0,0.9647058823529412,32.0,high
U122,aaps_exponential,26.0,45.0,1.0,16.0,low
U122,aaps_exponential,19.0,70.0,1.0,17.0,medium
U122,aaps_exponential,32.0,75.0,1.0,15.0,medium
U122,aaps_exponential,37.0,50.0,0.9767441860465116,21.0,medium
U122,aaps_exponential,16.0,25.0,0.6060606060606061,11.0,low
U122,aaps_exponential,27.0,40.0,0.8,9.0,medium
U122,aaps_exponential,25.0,30.0,0.48484848484848486,8.0,low
U122,aaps_exponential,21.0,30.0,1.0,15.0,medium
U122,aaps_exponential,56.0,85.0,0.9583333333333334,33.0,medium
U122,aaps_exponential,32.0,45.0,0.8571428571428571,22.0,medium
U122,aaps_exponential,16.0,25.0,0.627906976744186,12.0,low
U122,aaps_exponential,46.0,65.0,0.9605263157894737,32.0,medium
U122,aaps_exponential,51.0,45.0,0.95,24.0,low
U122,aaps_exponential,95.0,55.0,0.7942857142857143,75.0,medium
U122,aaps_exponential,100.0,45.0,0.745945945945946,94.0,medium
U122,aaps_exponential,22.0,45.0,1.0,17.0,medium
U122,aaps_exponential,47.0,40.0,1.0,41.0,medium
U122,aaps_exponential,105.0,140.0,1.0,93.0,high
U122,aaps_exponential,36.0,50.0,0.9508196721311475,18.0,low
U122,aaps_exponential,36.0,100.0,0.9459459459459459,15.0,medium
U122,aaps_exponential,25.0,50.0,0.9411764705882353,19.0,low
U122,aaps_exponential,31.0,145.0,1.0,14.0,medium
U122,aaps_exponential,35.0,80.0,1.0,26.0,medium
U122,aaps_exponential,18.0,25.0,0.9714285714285714,8.0,low
U122,aaps_exponential,34.0,55.0,0.9666666666666667,16.0,low
U122,aaps_exponential,37.0,55.0,0.9622641509433962,25.0,low
U122,aaps_exponential,25.0,65.0,1.0,19.0,low
U122,aaps_exponential,44.0,75.0,0.9117647058823529,19.0,medium
U122,aaps_exponential,100.0,55.0,0.9358974358974359,63.0,medium
U122,aaps_exponential,25.0,45.0,1.0,9.0,medium
U122,aaps_exponential,15.0,25.0,1.0,5.0,low
U122,aaps_exponential,57.0,40.0,0.9864864864864865,57.0,high
U122,aaps_exponential,95.0,110.0,0.9411764705882353,29.0,high
U122,aaps_exponential,44.0,75.0,1.0,36.0,high
U122,aaps_exponential,31.0,60.0,0.8260869565217391,17.0,medium
U122,aaps_exponential,57.0,45.0,1.0,57.0,medium
U122,aaps_exponential,31.0,45.0,0.851063829787234,27.0,medium
U122,aaps_exponential,47.0,60.0,0.9705882352941176,17.0,medium
U122,aaps_exponential,50.0,75.0,0.9384615384615385,26.0,low
U122,aaps_exponential,84.0,95.0,0.9919354838709677,41.0,high
U122,aaps_exponential,29.0,30.0,0.8448275862068966,17.0,medium
U122,aaps_exponential,81.0,125.0,0.9841269841269841,25.0,medium
U122,aaps_exponential,29.0,35.0,0.48717948717948717,29.0,low
U122,aaps_exponential,122.0,75.0,0.9157894736842105,122.0,high
U122,aaps_exponential,113.0,155.0,0.9411764705882353,31.0,low
U122,aaps_exponential,89.0,165.0,1.0,44.0,high
U122,aaps_exponential,47.0,65.0,0.9807692307692307,47.0,high
U122,aaps_exponential,22.0,50.0,1.0,22.0,medium
U122,aaps_exponential,66.0,70.0,1.0,51.0,high
U122,aaps_exponential,61.0,50.0,0.717948717948718,36.0,medium
U122,aaps_exponential,40.0,140.0,0.9642857142857143,29.0,medium
U122,aaps_exponential,31.0,75.0,1.0,20.0,medium
U122,aaps_exponential,50.0,55.0,1.0,36.0,medium
U122,aaps_exponential,58.0,85.0,0.9925373134328358,54.0,high
U122,aaps_exponential,62.0,80.0,0.9586776859504132,57.0,medium
U122,aaps_exponential,90.0,45.0,1.0,90.0,medium
U122,aaps_exponential,49.0,80.0,0.9880952380952381,36.0,medium
U122,aaps_exponential,67.0,90.0,0.974025974025974,25.0,medium
U122,aaps_exponential,46.0,70.0,1.0,14.0,high
U122,aaps_exponential,19.0,30.0,0.875,15.0,medium
U122,aaps_exponential,45.0,55.0,1.0,28.0,medium
U122,aaps_exponential,27.0,35.0,0.9574468085106383,12.0,low
U122,aaps_exponential,35.0,50.0,0.9545454545454546,17.0,low
U122,aaps_exponential,34.0,50.0,1.0,18.0,medium
U122,aaps_exponential,33.0,75.0,0.9615384615384616,16.0,medium
U122,aaps_exponential,26.0,55.0,0.9285714285714286,13.0,low
U122,aaps_exponential,15.0,25.0,0.8,7.0,low
U122,aaps_exponential,19.0,30.0,0.8108108108108109,16.0,low
U122,aaps_exponential,20.0,35.0,0.7714285714285715,19.0,low
U122,aaps_exponential,19.0,45.0,0.9090909090909091,14.0,medium
U122,aaps_exponential,27.0,45.0,0.9574468085106383,24.0,medium
U122,aaps_exponential,29.0,60.0,0.91,27.0,high
U122,aaps_exponential,70.0,60.0,0.9230769230769231,44.0,high
U122,aaps_exponential,38.0,50.0,1.0,28.0,medium
U122,aaps_exponential,49.0,55.0,0.9915966386554622,49.0,high
U122,aaps_exponential,195.0,40.0,0.9837209302325581,195.0,high
U122,aaps_exponential,20.0,65.0,0.868421052631579,19.0,low
U122,aaps_exponential,105.0,210.0,0.9924812030075187,53.0,high
U122,aaps_exponential,45.0,35.0,0.9897959183673469,45.0,high
U122,aaps_exponential,44.0,50.0,0.9850746268656716,30.0,medium
U122,aaps_exponential,50.0,130.0,0.9615384615384616,50.0,medium
U122,aaps_exponential,55.0,55.0,0.9363636363636364,49.0,high
U122,aaps_exponential,32.0,80.0,1.0,24.0,medium
U122,aaps_exponential,54.0,95.0,1.0,24.0,medium
U122,aaps_exponential,35.0,25.0,0.7323943661971831,16.0,low
U122,aaps_exponential,30.0,30.0,0.6428571428571429,15.0,low
U122,aaps_exponential,59.0,55.0,0.6415094339622641,16.0,low
U122,aaps_exponential,52.0,45.0,0.6774193548387096,19.0,low
U122,aaps_exponential,46.0,75.0,0.9361702127659575,14.0,low
U122,aaps_exponential,62.0,35.0,0.9701492537313433,62.0,medium
U122,aaps_exponential,41.0,55.0,0.9910714285714286,39.0,medium
U122,aaps_exponential,24.0,45.0,0.9024390243902439,15.0,low
U122,aaps_exponential,25.0,50.0,1.0,25.0,medium
U122,aaps_exponential,44.0,50.0,0.8245614035087719,25.0,medium
U122,aaps_exponential,131.0,50.0,0.9854545454545455,131.0,high
U122,aaps_exponential,38.0,50.0,0.9333333333333333,30.0,high
U122,aaps_exponential,59.0,50.0,0.9919354838709677,59.0,high
U122,aaps_exponential,78.0,45.0,0.9870967741935484,78.0,high
U122,aaps_exponential,42.0,45.0,0.6666666666666666,11.0,low
U122,aaps_exponential,73.0,75.0,0.9861111111111112,73.0,high
U122,aaps_exponential,32.0,45.0,0.98,22.0,low
U122,aaps_exponential,25.0,75.0,0.9433962264150944,25.0,medium
U122,aaps_exponential,36.0,60.0,0.9473684210526315,34.0,low
U122,aaps_exponential,89.0,60.0,0.9777777777777777,89.0,high
U122,aaps_exponential,26.0,25.0,0.6363636363636364,12.0,low
U122,aaps_exponential,39.0,45.0,0.967741935483871,21.0,low
U122,aaps_exponential,24.0,45.0,0.8235294117647058,14.0,low
U122,trio_sgolay,95.0,55.0,0.7942857142857143,75.0,medium
U122,trio_sgolay,100.0,45.0,0.745945945945946,94.0,medium
U122,trio_sgolay,47.0,40.0,1.0,41.0,medium
U122,trio_sgolay,105.0,140.0,1.0,93.0,high
U122,trio_sgolay,31.0,145.0,1.0,14.0,medium
U122,trio_sgolay,21.0,35.0,1.0,16.0,medium
U122,trio_sgolay,44.0,50.0,0.9130434782608695,21.0,low
U122,trio_sgolay,122.0,75.0,0.9157894736842105,122.0,high
U122,trio_sgolay,89.0,165.0,1.0,44.0,high
U122,trio_sgolay,66.0,70.0,1.0,51.0,high
U122,trio_sgolay,38.0,50.0,0.9466666666666667,29.0,low
U122,trio_sgolay,195.0,40.0,0.9837209302325581,195.0,high
U122,trio_sgolay,20.0,30.0,0.625,7.0,low
U122,trio_sgolay,32.0,80.0,1.0,24.0,medium
U122,trio_sgolay,115.0,70.0,0.9959183673469387,78.0,high
U122,trio_sgolay,20.0,25.0,0.37037037037037035,6.0,low
U122,trio_sgolay,123.0,45.0,0.9403669724770642,101.0,high
U122,trio_sgolay,131.0,50.0,0.9854545454545455,131.0,high
U122,trio_sgolay,59.0,50.0,0.9919354838709677,59.0,high
U122,trio_sgolay,78.0,45.0,0.9870967741935484,78.0,high
U122,ukf,37.0,50.0,0.9767441860465116,21.0,medium
U122,ukf,95.0,55.0,0.7942857142857143,75.0,medium
U122,ukf,100.0,45.0,0.745945945945946,94.0,medium
U122,ukf,28.0,30.0,0.6666666666666666,18.0,low
U122,ukf,25.0,50.0,0.9411764705882353,19.0,low
U122,ukf,31.0,145.0,1.0,14.0,medium
U122,ukf,21.0,35.0,1.0,16.0,medium
U122,ukf,81.0,125.0,0.9841269841269841,25.0,medium
U122,ukf,89.0,165.0,1.0,44.0,high
U122,ukf,40.0,140.0,0.9642857142857143,29.0,medium
U122,ukf,62.0,80.0,0.9586776859504132,57.0,medium
U122,ukf,90.0,45.0,1.0,90.0,medium
U122,ukf,35.0,50.0,0.9545454545454546,17.0,low
U122,ukf,195.0,40.0,0.9837209302325581,195.0,high
U122,ukf,45.0,35.0,0.9897959183673469,45.0,high
U122,ukf,35.0,25.0,0.7323943661971831,16.0,low
U122,ukf,115.0,70.0,0.9959183673469387,78.0,high
U122,ukf,52.0,45.0,0.6774193548387096,19.0,low
U122,ukf,20.0,25.0,0.37037037037037035,6.0,low
U122,ukf,123.0,45.0,0.9403669724770642,101.0,high
U130,aaps_average,59.0,60.0,0.9333333333333333,27.0,low
U130,aaps_average,33.0,70.0,0.9130434782608695,21.0,medium
U130,aaps_average,40.0,40.0,0.8,26.0,low
U130,aaps_average,26.0,35.0,0.8636363636363636,19.0,low
U130,aaps_average,35.0,40.0,0.6976744186046512,17.0,medium
U130,aaps_average,40.0,60.0,0.9807692307692307,17.0,high
U130,aaps_average,22.0,25.0,0.43333333333333335,11.0,low
U130,aaps_average,33.0,50.0,0.967741935483871,10.0,low
U130,aaps_average,39.0,95.0,0.9310344827586207,17.0,low
U130,aaps_average,21.0,35.0,1.0,13.0,low
U130,aaps_average,21.0,40.0,0.92,12.0,medium
U130,aaps_average,31.0,25.0,0.5208333333333334,12.0,low
U130,aaps_average,31.0,50.0,1.0,15.0,medium
U130,aaps_average,29.0,35.0,0.8958333333333334,22.0,low
U130,aaps_average,21.0,25.0,0.8846153846153846,11.0,low
U130,aaps_average,21.0,50.0,1.0,16.0,medium
U130,aaps_average,22.0,50.0,0.9411764705882353,13.0,medium
U130,aaps_average,20.0,25.0,1.0,9.0,low
U130,aaps_average,19.0,30.0,0.8787878787878788,11.0,low
U130,aaps_average,25.0,50.0,1.0,10.0,medium
U130,aaps_average,24.0,35.0,1.0,12.0,low
U130,aaps_average,34.0,35.0,0.8723404255319149,20.0,low
U130,aaps_average,29.0,30.0,0.9772727272727273,13.0,medium
U130,aaps_average,69.0,110.0,0.9166666666666666,17.0,low
U130,aaps_average,23.0,25.0,0.9444444444444444,10.0,low
U130,aaps_average,25.0,40.0,0.8571428571428571,17.0,low
U130,aaps_average,19.0,25.0,1.0,12.0,low
U130,aaps_average,25.0,55.0,1.0,15.0,medium
U130,aaps_average,16.0,25.0,0.9090909090909091,8.0,medium
U130,aaps_average,110.0,260.0,1.0,26.0,high
U130,aaps_average,79.0,190.0,1.0,18.0,high
U130,aaps_average,23.0,25.0,0.65,11.0,low
U130,aaps_average,46.0,80.0,0.95,12.0,low
U130,aaps_average,65.0,60.0,0.9855072463768116,22.0,medium
U130,aaps_average,61.0,70.0,0.8260869565217391,22.0,high
U130,aaps_average,48.0,45.0,0.8888888888888888,20.0,low
U130,aaps_average,19.0,25.0,0.9428571428571428,8.0,low
U130,aaps_average,18.0,25.0,1.0,7.0,low
U130,aaps_average,25.0,35.0,0.9714285714285714,14.0,low
U130,aaps_average,18.0,25.0,0.9230769230769231,14.0,low
U130,aaps_average,32.0,45.0,0.8235294117647058,18.0,low
U130,aaps_average,36.0,45.0,1.0,23.0,medium
U130,aaps_average,33.0,45.0,0.9583333333333334,28.0,medium
U130,aaps_average,25.0,55.0,1.0,19.0,medium
U130,aaps_average,33.0,70.0,0.9428571428571428,15.0,low
U130,aaps_average,21.0,25.0,0.6956521739130435,15.0,low
U130,aaps_average,22.0,30.0,0.8888888888888888,17.0,low
U130,aaps_exponential,59.0,60.0,0.9333333333333333,27.0,low
U130,aaps_exponential,33.0,70.0,0.9130434782608695,21.0,medium
U130,aaps_exponential,17.0,25.0,0.7368421052631579,9.0,low
U130,aaps_exponential,26.0,35.0,0.8636363636363636,19.0,low
U130,aaps_exponential,35.0,40.0,0.6976744186046512,17.0,medium
U130,aaps_exponential,40.0,60.0,0.9807692307692307,17.0,high
U130,aaps_exponential,18.0,25.0,0.9666666666666667,7.0,low
U130,aaps_exponential,39.0,95.0,0.9310344827586207,17.0,low
U130,aaps_exponential,21.0,40.0,0.92,12.0,medium
U130,aaps_exponential,31.0,25.0,0.5208333333333334,12.0,low
U130,aaps_exponential,29.0,35.0,0.8958333333333334,22.0,low
U130,aaps_exponential,25.0,25.0,0.96,14.0,low
U130,aaps_exponential,21.0,25.0,0.8846153846153846,11.0,low
U130,aaps_exponential,27.0,45.0,0.9787234042553191,12.0,low
U130,aaps_exponential,21.0,50.0,1.0,16.0,medium
U130,aaps_exponential,20.0,25.0,1.0,9.0,low
U130,aaps_exponential,44.0,50.0,0.5882352941176471,11.0,low
U130,aaps_exponential,19.0,30.0,0.8787878787878788,11.0,low
U130,aaps_exponential,24.0,35.0,1.0,12.0,low
U130,aaps_exponential,34.0,35.0,0.8723404255319149,20.0,low
U130,aaps_exponential,15.0,40.0,1.0,12.0,medium
U130,aaps_exponential,17.0,35.0,0.8604651162790697,13.0,low
U130,aaps_exponential,18.0,25.0,0.8333333333333334,13.0,low
U130,aaps_exponential,18.0,25.0,0.896551724137931,9.0,low
U130,aaps_exponential,69.0,110.0,0.9166666666666666,17.0,low
U130,aaps_exponential,29.0,25.0,0.8928571428571429,10.0,medium
U130,aaps_exponential,23.0,25.0,0.9444444444444444,10.0,low
U130,aaps_exponential,25.0,40.0,0.8571428571428571,17.0,low
U130,aaps_exponential,19.0,25.0,1.0,12.0,low
U130,aaps_exponential,25.0,55.0,1.0,15.0,medium
U130,aaps_exponential,16.0,25.0,0.9090909090909091,8.0,medium
U130,aaps_exponential,24.0,40.0,0.8837209302325582,16.0,low
U130,aaps_exponential,19.0,30.0,0.8421052631578947,7.0,low
U130,aaps_exponential,22.0,30.0,0.8157894736842105,17.0,medium
U130,aaps_exponential,110.0,260.0,1.0,26.0,high
U130,aaps_exponential,79.0,190.0,1.0,18.0,high
U130,aaps_exponential,45.0,65.0,0.967741935483871,20.0,medium
U130,aaps_exponential,23.0,25.0,0.65,11.0,low
U130,aaps_exponential,46.0,80.0,0.95,12.0,low
U130,aaps_exponential,62.0,70.0,0.9571428571428572,30.0,medium
U130,aaps_exponential,65.0,60.0,0.9855072463768116,22.0,medium
U130,aaps_exponential,61.0,85.0,0.9285714285714286,27.0,medium
U130,aaps_exponential,61.0,70.0,0.8260869565217391,22.0,high
U130,aaps_exponential,48.0,45.0,0.8888888888888888,20.0,low
U130,aaps_exponential,17.0,30.0,0.8333333333333334,12.0,low
U130,aaps_exponential,15.0,25.0,0.9130434782608695,11.0,low
U130,aaps_exponential,18.0,25.0,1.0,7.0,low
U130,aaps_exponential,25.0,35.0,0.9714285714285714,14.0,low
U130,aaps_exponential,20.0,25.0,1.0,8.0,medium
U130,aaps_exponential,17.0,30.0,0.926829268292683,7.0,low
U130,aaps_exponential,21.0,45.0,0.9743589743589743,21.0,medium
U130,aaps_exponential,36.0,45.0,1.0,23.0,medium
U130,aaps_exponential,18.0,40.0,0.8709677419354839,12.0,low
U130,aaps_exponential,33.0,45.0,0.9583333333333334,28.0,medium
U130,aaps_exponential,24.0,75.0,0.9705882352941176,11.0,medium
U130,aaps_exponential,25.0,55.0,1.0,19.0,medium
U130,aaps_exponential,22.0,30.0,0.8888888888888888,17.0,low
U130,trio_sgolay,22.0,50.0,0.9411764705882353,13.0,medium
U130,trio_sgolay,23.0,25.0,0.65,11.0,low
U130,trio_sgolay,48.0,45.0,0.8888888888888888,20.0,low
U130,trio_sgolay,15.0,25.0,0.9130434782608695,11.0,low
U130,trio_sgolay,36.0,45.0,1.0,23.0,medium
U130,ukf,59.0,60.0,0.9333333333333333,27.0,low
U130,ukf,40.0,60.0,0.9807692307692307,17.0,high
U130,ukf,22.0,25.0,0.43333333333333335,11.0,low
U130,ukf,31.0,25.0,0.5208333333333334,12.0,low
U130,ukf,21.0,25.0,0.8846153846153846,11.0,low
U130,ukf,27.0,45.0,0.9787234042553191,12.0,low
U130,ukf,22.0,50.0,0.9411764705882353,13.0,medium
U130,ukf,25.0,50.0,1.0,10.0,medium
U130,ukf,24.0,35.0,1.0,12.0,low
U130,ukf,22.0,25.0,1.0,7.0,low
U130,ukf,79.0,190.0,1.0,18.0,high
U130,ukf,23.0,25.0,0.65,11.0,low
U130,ukf,65.0,60.0,0.9855072463768116,22.0,medium
U130,ukf,48.0,45.0,0.8888888888888888,20.0,low
U130,ukf,15.0,25.0,0.9130434782608695,11.0,low
U130,ukf,25.0,35.0,0.9714285714285714,14.0,low
U130,ukf,36.0,45.0,1.0,23.0,medium
U130,ukf,33.0,70.0,0.9428571428571428,15.0,low
U132,aaps_average,23.0,30.0,0.7222222222222222,12.0,low
U132,aaps_average,17.0,25.0,0.9,11.0,low
U132,aaps_average,67.0,25.0,0.45081967213114754,63.0,medium
U132,aaps_average,61.0,60.0,0.84,28.0,medium
U132,aaps_average,49.0,60.0,0.9595959595959596,45.0,medium
U132,aaps_average,27.0,25.0,0.525,23.0,low
U132,aaps_average,26.0,35.0,1.0,20.0,low
U132,aaps_average,27.0,50.0,1.0,21.0,low
U132,aaps_average,30.0,50.0,0.9,17.0,low
U132,aaps_average,30.0,30.0,1.0,21.0,medium
U132,aaps_average,31.0,60.0,1.0,16.0,medium
U132,aaps_average,27.0,35.0,1.0,17.0,low
U132,aaps_average,60.0,40.0,0.5909090909090909,18.0,low
U132,aaps_average,23.0,35.0,0.7846153846153846,22.0,medium
U132,aaps_average,25.0,40.0,0.9333333333333333,18.0,low
U132,aaps_average,24.0,25.0,0.9591836734693877,17.0,low
U132,aaps_average,35.0,35.0,0.8586956521739131,17.0,medium
U132,aaps_average,49.0,25.0,0.4492753623188406,28.0,medium
U132,aaps_average,90.0,115.0,0.975,39.0,medium
U132,aaps_average,85.0,30.0,0.59375,85.0,medium
U132,aaps_average,83.0,35.0,0.9148936170212766,54.0,medium
U132,aaps_average,118.0,25.0,0.358974358974359,116.0,medium
U132,aaps_average,18.0,30.0,0.8,10.0,low
U132,aaps_average,70.0,35.0,0.9919354838709677,51.0,medium
U132,aaps_average,16.0,25.0,0.9152542372881356,12.0,low
U132,aaps_average,34.0,45.0,0.9464285714285714,20.0,low
U132,aaps_average,15.0,25.0,0.9791666666666666,10.0,low
U132,aaps_average,64.0,55.0,0.9876543209876543,33.0,medium
U132,aaps_average,18.0,25.0,0.6923076923076923,18.0,low
U132,aaps_average,29.0,40.0,0.9242424242424242,21.0,low
U132,aaps_average,38.0,40.0,0.9523809523809523,24.0,low
U132,aaps_average,41.0,55.0,0.9871794871794872,19.0,medium
U132,aaps_average,21.0,30.0,0.896551724137931,9.0,low
U132,aaps_average,21.0,25.0,0.6956521739130435,12.0,low
U132,aaps_average,19.0,25.0,0.78125,12.0,low
U132,aaps_average,53.0,120.0,0.8928571428571429,16.0,low
U132,aaps_average,129.0,215.0,1.0,27.0,high
U132,aaps_average,36.0,30.0,0.7346938775510204,17.0,low
U132,aaps_average,27.0,35.0,0.9166666666666666,27.0,low
U132,aaps_average,24.0,30.0,0.725,13.0,low
U132,aaps_average,43.0,45.0,0.9014084507042254,36.0,low
U132,aaps_average,34.0,45.0,0.8970588235294118,31.0,low
U132,aaps_average,32.0,45.0,1.0,32.0,medium
U132,aaps_average,61.0,70.0,0.8846153846153846,40.0,medium
U132,aaps_average,39.0,55.0,1.0,15.0,medium
U132,aaps_average,16.0,30.0,0.5757575757575758,13.0,low
U132,aaps_average,127.0,115.0,1.0,104.0,high
U132,aaps_average,39.0,45.0,0.9607843137254902,20.0,low
U132,aaps_average,19.0,25.0,0.5777777777777777,10.0,low
U132,aaps_average,23.0,30.0,1.0,12.0,low
U132,aaps_average,22.0,45.0,0.631578947368421,8.0,low
U132,aaps_average,111.0,35.0,0.9864253393665159,109.0,high
U132,aaps_average,67.0,50.0,1.0,56.0,high
U132,aaps_average,78.0,80.0,0.9696969696969697,16.0,medium
U132,aaps_average,78.0,45.0,0.7878787878787878,58.0,medium
U132,aaps_average,32.0,55.0,1.0,28.0,medium
U132,aaps_average,44.0,40.0,0.7818181818181819,25.0,low
U132,aaps_average,77.0,45.0,0.9942196531791907,77.0,high
U132,aaps_average,69.0,195.0,0.9838709677419355,21.0,medium
U132,aaps_average,35.0,45.0,0.9871794871794872,35.0,medium
U132,aaps_average,36.0,35.0,0.8333333333333334,24.0,medium
U132,aaps_average,95.0,70.0,0.9894736842105263,38.0,high
U132,aaps_average,29.0,40.0,0.875,16.0,medium
U132,aaps_average,33.0,35.0,0.8292682926829268,18.0,medium
U132,aaps_average,72.0,30.0,0.8952380952380953,28.0,low
U132,aaps_average,35.0,40.0,0.8571428571428571,19.0,low
U132,aaps_average,90.0,70.0,0.9571428571428572,28.0,medium
U132,aaps_average,20.0,25.0,0.8,14.0,low
U132,aaps_average,22.0,75.0,0.9473684210526315,12.0,low
U132,aaps_average,23.0,25.0,0.8048780487804879,23.0,low
U132,aaps_average,24.0,45.0,1.0,10.0,low
U132,aaps_average,66.0,45.0,0.9120879120879121,45.0,medium
U132,aaps_average,32.0,40.0,0.8333333333333334,32.0,medium
U132,aaps_average,15.0,50.0,0.8571428571428571,15.0,low
U132,aaps_average,85.0,45.0,0.9856115107913669,59.0,medium
U132,aaps_average,76.0,45.0,0.9152542372881356,54.0,medium
U132,aaps_exponential,23.0,25.0,0.6944444444444444,14.0,low
U132,aaps_exponential,67.0,25.0,0.45081967213114754,63.0,medium
U132,aaps_exponential,17.0,30.0,0.8333333333333334,7.0,low
U132,aaps_exponential,49.0,60.0,0.9595959595959596,45.0,medium
U132,aaps_exponential,27.0,25.0,0.525,23.0,low
U132,aaps_exponential,26.0,35.0,1.0,20.0,low
U132,aaps_exponential,27.0,50.0,1.0,21.0,low
U132,aaps_exponential,30.0,50.0,0.9,17.0,low
U132,aaps_exponential,38.0,30.0,0.6111111111111112,17.0,low
U132,aaps_exponential,30.0,45.0,0.9259259259259259,16.0,low
U132,aaps_exponential,28.0,25.0,0.8214285714285714,28.0,low
U132,aaps_exponential,30.0,40.0,0.78125,12.0,low
U132,aaps_exponential,28.0,25.0,0.5740740740740741,9.0,low
U132,aaps_exponential,27.0,35.0,1.0,17.0,low
U132,aaps_exponential,24.0,25.0,0.45714285714285713,12.0,low
U132,aaps_exponential,19.0,25.0,0.5161290322580645,6.0,low
U132,aaps_exponential,60.0,40.0,0.5909090909090909,18.0,low
U132,aaps_exponential,23.0,35.0,0.7846153846153846,22.0,medium
U132,aaps_exponential,25.0,40.0,0.9333333333333333,18.0,low
U132,aaps_exponential,24.0,25.0,0.9591836734693877,17.0,low
U132,aaps_exponential,49.0,25.0,0.4492753623188406,28.0,medium
U132,aaps_exponential,90.0,115.0,0.975,39.0,medium
U132,aaps_exponential,31.0,30.0,0.5405405405405406,14.0,low
U132,aaps_exponential,28.0,25.0,0.7407407407407407,16.0,low
U132,aaps_exponential,85.0,30.0,0.59375,85.0,medium
U132,aaps_exponential,25.0,55.0,0.9772727272727273,19.0,medium
U132,aaps_exponential,31.0,25.0,0.52,23.0,low
U132,aaps_exponential,18.0,30.0,0.8,10.0,low
U132,aaps_exponential,70.0,35.0,0.9919354838709677,51.0,medium
U132,aaps_exponential,16.0,25.0,0.9152542372881356,12.0,low
U132,aaps_exponential,64.0,55.0,0.9876543209876543,33.0,medium
U132,aaps_exponential,18.0,25.0,0.6923076923076923,18.0,low
U132,aaps_exponential,24.0,25.0,0.4418604651162791,16.0,low
U132,aaps_exponential,40.0,50.0,0.9482758620689655,20.0,low
U132,aaps_exponential,29.0,40.0,0.9242424242424242,21.0,low
U132,aaps_exponential,41.0,55.0,0.9871794871794872,19.0,medium
U132,aaps_exponential,21.0,30.0,0.896551724137931,9.0,low
U132,aaps_exponential,21.0,25.0,0.6956521739130435,12.0,low
U132,aaps_exponential,18.0,25.0,0.6,15.0,low
U132,aaps_exponential,41.0,55.0,0.813953488372093,15.0,low
U132,aaps_exponential,53.0,120.0,0.8928571428571429,16.0,low
U132,aaps_exponential,77.0,25.0,0.9333333333333333,34.0,medium
U132,aaps_exponential,129.0,215.0,1.0,27.0,high
U132,aaps_exponential,36.0,30.0,0.7346938775510204,17.0,low
U132,aaps_exponential,24.0,30.0,0.725,13.0,low
U132,aaps_exponential,43.0,45.0,0.9014084507042254,36.0,low
U132,aaps_exponential,34.0,45.0,0.8970588235294118,31.0,low
U132,aaps_exponential,17.0,25.0,0.42857142857142855,5.0,low
U132,aaps_exponential,23.0,25.0,0.7321428571428571,8.0,low
U132,aaps_exponential,32.0,45.0,1.0,32.0,medium
U132,aaps_exponential,61.0,70.0,0.8846153846153846,40.0,medium
U132,aaps_exponential,127.0,115.0,1.0,104.0,high
U132,aaps_exponential,39.0,45.0,0.9607843137254902,20.0,low
U132,aaps_exponential,23.0,30.0,1.0,12.0,low
U132,aaps_exponential,111.0,35.0,0.9864253393665159,109.0,high
U132,aaps_exponential,67.0,50.0,1.0,56.0,high
U132,aaps_exponential,16.0,35.0,0.8974358974358975,11.0,low
U132,aaps_exponential,78.0,80.0,0.9696969696969697,16.0,medium
U132,aaps_exponential,44.0,40.0,0.7818181818181819,25.0,low
U132,aaps_exponential,77.0,45.0,0.9942196531791907,77.0,high
U132,aaps_exponential,65.0,40.0,0.75,30.0,low
U132,aaps_exponential,69.0,195.0,0.9838709677419355,21.0,medium
U132,aaps_exponential,35.0,45.0,0.9871794871794872,35.0,medium
U132,aaps_exponential,19.0,50.0,0.9090909090909091,9.0,low
U132,aaps_exponential,30.0,45.0,1.0,23.0,medium
U132,aaps_exponential,52.0,65.0,0.972972972972973,19.0,medium
U132,aaps_exponential,22.0,25.0,0.9615384615384616,12.0,low
U132,aaps_exponential,33.0,35.0,0.8292682926829268,18.0,medium
U132,aaps_exponential,35.0,45.0,0.9074074074074074,18.0,medium
U132,aaps_exponential,72.0,30.0,0.8952380952380953,28.0,low
U132,aaps_exponential,90.0,70.0,0.9571428571428572,28.0,medium
U132,aaps_exponential,82.0,65.0,0.8051948051948052,31.0,low
U132,aaps_exponential,20.0,25.0,0.8,14.0,low
U132,aaps_exponential,59.0,40.0,0.7391304347826086,18.0,low
U132,aaps_exponential,22.0,75.0,0.9473684210526315,12.0,low
U132,aaps_exponential,23.0,25.0,0.8048780487804879,23.0,low
U132,aaps_exponential,30.0,45.0,0.8653846153846154,25.0,low
U132,aaps_exponential,66.0,45.0,0.9120879120879121,45.0,medium
U132,aaps_exponential,26.0,25.0,0.8518518518518519,17.0,low
U132,aaps_exponential,22.0,25.0,0.9183673469387755,13.0,low
U132,aaps_exponential,32.0,45.0,0.8214285714285714,13.0,medium
U132,aaps_exponential,76.0,45.0,0.9152542372881356,54.0,medium
U132,trio_sgolay,26.0,35.0,1.0,20.0,low
U132,trio_sgolay,21.0,30.0,0.76,7.0,low
U132,trio_sgolay,24.0,25.0,0.9591836734693877,17.0,low
U132,trio_sgolay,49.0,25.0,0.4492753623188406,28.0,medium
U132,trio_sgolay,90.0,115.0,0.975,39.0,medium
U132,trio_sgolay,70.0,35.0,0.9919354838709677,51.0,medium
U132,trio_sgolay,87.0,45.0,0.7523809523809524,47.0,high
U132,trio_sgolay,127.0,115.0,1.0,104.0,high
U132,trio_sgolay,111.0,35.0,0.9864253393665159,109.0,high
U132,trio_sgolay,26.0,25.0,0.6410256410256411,12.0,low
U132,trio_sgolay,72.0,30.0,0.8952380952380953,28.0,low
U132,trio_sgolay,26.0,30.0,0.8292682926829268,19.0,low
U132,trio_sgolay,22.0,25.0,0.9183673469387755,13.0,low
U132,ukf,26.0,35.0,1.0,20.0,low
U132,ukf,27.0,50.0,1.0,21.0,low
U132,ukf,27.0,35.0,1.0,17.0,low
U132,ukf,24.0,25.0,0.9591836734693877,17.0,low
U132,ukf,118.0,25.0,0.358974358974359,116.0,medium
U132,ukf,70.0,35.0,0.9919354838709677,51.0,medium
U132,ukf,16.0,25.0,0.9152542372881356,12.0,low
U132,ukf,40.0,50.0,0.9482758620689655,20.0,low
U132,ukf,41.0,55.0,0.9871794871794872,19.0,medium
U132,ukf,127.0,115.0,1.0,104.0,high
U132,ukf,111.0,35.0,0.9864253393665159,109.0,high
U132,ukf,67.0,50.0,1.0,56.0,high
U132,ukf,42.0,35.0,0.989010989010989,25.0,low
U132,ukf,78.0,80.0,0.9696969696969697,16.0,medium
U132,ukf,65.0,40.0,0.75,30.0,low
U132,ukf,29.0,40.0,0.875,16.0,medium
U132,ukf,26.0,25.0,0.6410256410256411,12.0,low
U135,aaps_average,48.0,35.0,0.9166666666666666,48.0,medium
U135,aaps_average,47.0,40.0,0.9423076923076923,47.0,high
U135,aaps_average,24.0,25.0,0.8076923076923077,20.0,low
U135,aaps_average,98.0,65.0,0.9230769230769231,38.0,medium
U135,aaps_average,33.0,30.0,0.9285714285714286,21.0,low
U135,aaps_average,25.0,50.0,0.9811320754716981,16.0,medium
U135,aaps_average,38.0,115.0,1.0,22.0,medium
U135,aaps_average,28.0,70.0,0.972972972972973,15.0,medium
U135,aaps_average,22.0,40.0,0.9523809523809523,20.0,low
U135,aaps_average,19.0,30.0,0.9230769230769231,19.0,low
U135,aaps_average,31.0,25.0,0.7878787878787878,20.0,low
U135,aaps_average,23.0,25.0,0.8181818181818182,19.0,low
U135,aaps_average,19.0,40.0,0.9736842105263158,14.0,medium
U135,aaps_average,25.0,30.0,0.7857142857142857,25.0,low
U135,aaps_average,28.0,30.0,0.3888888888888889,27.0,low
U135,aaps_average,35.0,70.0,0.9090909090909091,22.0,low
U135,aaps_average,27.0,80.0,0.9861111111111112,26.0,medium
U135,aaps_average,33.0,45.0,0.9964664310954063,13.0,medium
U135,aaps_average,41.0,35.0,0.42592592592592593,37.0,low
U135,aaps_average,36.0,25.0,0.8333333333333334,24.0,low
U135,aaps_average,18.0,25.0,0.7058823529411765,10.0,low
U135,aaps_average,32.0,25.0,0.7058823529411765,18.0,medium
U135,aaps_average,26.0,60.0,1.0,26.0,high
U135,aaps_average,33.0,30.0,0.8780487804878049,23.0,medium
U135,aaps_exponential,48.0,35.0,0.9166666666666666,48.0,medium
U135,aaps_exponential,47.0,40.0,0.9423076923076923,47.0,high
U135,aaps_exponential,98.0,65.0,0.9230769230769231,38.0,medium
U135,aaps_exponential,38.0,115.0,1.0,22.0,medium
U135,aaps_exponential,25.0,55.0,1.0,18.0,medium
U135,aaps_exponential,22.0,40.0,0.9523809523809523,20.0,low
U135,aaps_exponential,18.0,25.0,0.7555555555555555,8.0,low
U135,aaps_exponential,31.0,25.0,0.7878787878787878,20.0,low
U135,aaps_exponential,28.0,90.0,0.9791666666666666,18.0,medium
U135,aaps_exponential,19.0,40.0,0.9736842105263158,14.0,medium
U135,aaps_exponential,15.0,25.0,0.7222222222222222,10.0,low
U135,aaps_exponential,25.0,30.0,0.7857142857142857,25.0,low
U135,aaps_exponential,23.0,80.0,1.0,10.0,medium
U135,aaps_exponential,35.0,70.0,0.9090909090909091,22.0,low
U135,aaps_exponential,26.0,35.0,0.9661016949152542,22.0,medium
U135,aaps_exponential,27.0,80.0,0.9861111111111112,26.0,medium
U135,aaps_exponential,33.0,45.0,0.9964664310954063,13.0,medium
U135,aaps_exponential,41.0,35.0,0.42592592592592593,37.0,low
U135,aaps_exponential,32.0,25.0,0.7058823529411765,18.0,medium
U135,aaps_exponential,26.0,60.0,1.0,26.0,high
U135,aaps_exponential,33.0,30.0,0.8780487804878049,23.0,medium
U135,aaps_exponential,36.0,25.0,0.5102040816326531,19.0,low
U135,trio_sgolay,21.0,45.0,1.0,19.0,medium
U135,trio_sgolay,98.0,65.0,0.9230769230769231,38.0,medium
U135,trio_sgolay,33.0,30.0,0.9285714285714286,21.0,low
U135,trio_sgolay,38.0,115.0,1.0,22.0,medium
U135,trio_sgolay,27.0,80.0,0.9861111111111112,26.0,medium
U135,trio_sgolay,33.0,45.0,0.9964664310954063,13.0,medium
U135,trio_sgolay,33.0,30.0,0.8780487804878049,23.0,medium
U135,ukf,98.0,65.0,0.9230769230769231,38.0,medium
U135,ukf,38.0,115.0,1.0,22.0,medium
U135,ukf,33.0,45.0,0.9964664310954063,13.0,medium
U138,aaps_average,32.0,35.0,0.7142857142857143,16.0,low
U138,aaps_average,31.0,65.0,1.0,18.0,medium
U138,aaps_average,20.0,35.0,0.9142857142857143,14.0,low
U138,aaps_average,16.0,25.0,0.4583333333333333,7.0,low
U138,aaps_average,28.0,25.0,0.8918918918918919,20.0,low
U138,aaps_average,41.0,115.0,0.9743589743589743,19.0,medium
U138,aaps_average,29.0,45.0,1.0,12.0,low
U138,aaps_average,36.0,55.0,0.9090909090909091,22.0,medium
U138,aaps_average,18.0,40.0,0.75,10.0,low
U138,aaps_average,31.0,45.0,1.0,20.0,medium
U138,aaps_average,25.0,60.0,0.9032258064516129,14.0,low
U138,aaps_average,25.0,40.0,0.8888888888888888,13.0,low
U138,aaps_average,22.0,45.0,0.9696969696969697,16.0,low
U138,aaps_average,54.0,40.0,1.0,21.0,medium
U138,aaps_average,24.0,30.0,0.9166666666666666,14.0,medium
U138,aaps_average,44.0,60.0,0.9210526315789473,24.0,low
U138,aaps_average,65.0,95.0,1.0,23.0,medium
U138,aaps_average,38.0,60.0,0.9166666666666666,18.0,low
U138,aaps_average,43.0,90.0,1.0,28.0,medium
U138,aaps_average,30.0,55.0,0.9512195121951219,20.0,medium
U138,aaps_average,42.0,55.0,0.9285714285714286,17.0,low
U138,aaps_average,18.0,25.0,0.9230769230769231,12.0,medium
U138,aaps_average,25.0,30.0,0.9,11.0,low
U138,aaps_average,29.0,35.0,0.6216216216216216,19.0,low
U138,aaps_average,31.0,50.0,0.7741935483870968,10.0,low
U138,aaps_average,22.0,30.0,0.7241379310344828,8.0,low
U138,aaps_average,32.0,50.0,0.6486486486486487,12.0,low
U138,aaps_exponential,32.0,35.0,0.7142857142857143,16.0,low
U138,aaps_exponential,15.0,25.0,0.7916666666666666,8.0,low
U138,aaps_exponential,31.0,65.0,1.0,18.0,medium
U138,aaps_exponential,16.0,25.0,0.4583333333333333,7.0,low
U138,aaps_exponential,28.0,25.0,0.8918918918918919,20.0,low
U138,aaps_exponential,41.0,115.0,0.9743589743589743,19.0,medium
U138,aaps_exponential,19.0,25.0,0.38461538461538464,10.0,low
U138,aaps_exponential,29.0,45.0,1.0,12.0,low
U138,aaps_exponential,15.0,25.0,0.5833333333333334,12.0,low
U138,aaps_exponential,31.0,45.0,1.0,20.0,medium
U138,aaps_exponential,25.0,60.0,0.9032258064516129,14.0,low
U138,aaps_exponential,25.0,40.0,0.8888888888888888,13.0,low
U138,aaps_exponential,22.0,45.0,0.9696969696969697,16.0,low
U138,aaps_exponential,38.0,25.0,0.9375,37.0,low
U138,aaps_exponential,54.0,40.0,1.0,21.0,medium
U138,aaps_exponential,24.0,30.0,0.9166666666666666,14.0,medium
U138,aaps_exponential,38.0,60.0,0.9166666666666666,18.0,low
U138,aaps_exponential,43.0,90.0,1.0,28.0,medium
U138,aaps_exponential,30.0,55.0,0.9512195121951219,20.0,medium
U138,aaps_exponential,42.0,55.0,0.9285714285714286,17.0,low
U138,aaps_exponential,18.0,25.0,0.9230769230769231,12.0,medium
U138,aaps_exponential,25.0,30.0,0.9,11.0,low
U138,aaps_exponential,31.0,50.0,0.7741935483870968,10.0,low
U138,aaps_exponential,16.0,25.0,0.8611111111111112,15.0,medium
U138,aaps_exponential,47.0,60.0,0.6739130434782609,10.0,low
U138,trio_sgolay,28.0,25.0,0.8918918918918919,20.0,low
U138,trio_sgolay,43.0,90.0,1.0,28.0,medium
U138,ukf,32.0,35.0,0.7142857142857143,16.0,low
U138,ukf,28.0,25.0,0.8918918918918919,20.0,low
U138,ukf,38.0,60.0,0.9166666666666666,18.0,low
U138,ukf,43.0,90.0,1.0,28.0,medium
U138,ukf,30.0,55.0,0.9512195121951219,20.0,medium
U138,ukf,22.0,30.0,0.7241379310344828,8.0,low
U139,aaps_average,32.0,25.0,0.8837209302325582,24.0,low
U139,aaps_exponential,16.0,25.0,0.75,8.0,low
U139,aaps_exponential,32.0,25.0,0.8837209302325582,24.0,low
U139,aaps_exponential,20.0,25.0,0.9142857142857143,20.0,low
U139,trio_sgolay,32.0,25.0,0.8837209302325582,24.0,low
U139,ukf,32.0,25.0,0.8837209302325582,24.0,low
U141,aaps_average,31.0,40.0,0.75,17.0,low
U141,aaps_average,29.0,25.0,0.6170212765957447,23.80000000000001,low
U141,aaps_average,25.0,35.0,0.8163265306122449,14.0,low
U141,aaps_average,27.0,40.0,0.7352941176470589,13.0,low
U141,aaps_average,42.0,25.0,0.704225352112676,42.0,medium
U141,aaps_average,15.0,25.0,0.8,8.0,medium
U141,aaps_average,28.0,55.0,0.8378378378378378,14.0,low
U141,aaps_average,32.0,30.0,0.75,15.0,low
U141,aaps_average,16.0,45.0,0.9411764705882353,16.0,low
U141,aaps_average,24.0,25.0,0.41935483870967744,11.0,low
U141,aaps_average,23.0,40.0,1.0,18.0,low
U141,aaps_average,36.0,25.0,0.631578947368421,26.0,low
U141,aaps_average,19.0,25.0,0.8648648648648649,14.0,medium
U141,aaps_average,64.0,65.0,0.9230769230769231,19.0,medium
U141,aaps_average,45.0,35.0,0.8297872340425532,29.0,low
U141,aaps_average,26.0,85.0,0.9761904761904762,19.0,medium
U141,aaps_average,198.0,205.0,0.9615384615384616,104.0,high
U141,aaps_average,21.0,25.0,0.7083333333333334,16.0,low
U141,aaps_average,48.0,95.0,0.8888888888888888,12.0,medium
U141,aaps_average,22.0,25.0,0.42424242424242425,10.0,low
U141,aaps_average,81.0,65.0,0.8356164383561644,57.0,medium
U141,aaps_average,38.0,40.0,0.9361702127659575,17.0,low
U141,aaps_average,74.0,115.0,0.9761904761904762,26.0,high
U141,aaps_average,31.0,35.0,0.9714285714285714,17.0,low
U141,aaps_average,24.0,25.0,0.9230769230769231,12.0,medium
U141,aaps_average,48.0,100.0,0.9322033898305084,19.0,medium
U141,aaps_average,25.0,35.0,0.9523809523809523,11.0,low
U141,aaps_average,23.0,40.0,0.9714285714285714,15.0,low
U141,aaps_average,51.0,85.0,1.0,26.0,medium
U141,aaps_average,43.0,45.0,1.0,30.0,medium
U141,aaps_average,40.0,90.0,0.9767441860465116,30.0,medium
U141,aaps_average,169.0,160.0,1.0,36.0,medium
U141,aaps_average,88.0,70.0,0.9456521739130435,47.0,high
U141,aaps_average,23.0,50.0,0.9767441860465116,13.0,high
U141,aaps_average,44.0,75.0,0.9444444444444444,24.0,high
U141,aaps_average,27.0,50.0,0.967741935483871,14.0,medium
U141,aaps_average,41.0,35.0,0.8333333333333334,21.5,low
U141,aaps_average,62.0,150.0,1.0,17.0,medium
U141,aaps_average,44.0,90.0,1.0,29.0,medium
U141,aaps_average,100.0,120.0,0.9696969696969697,21.0,medium
U141,aaps_average,48.0,45.0,0.9716981132075472,29.0,medium
U141,aaps_average,135.0,155.0,0.9629629629629629,40.0,high
U141,aaps_average,149.0,140.0,0.967741935483871,33.0,medium
U141,aaps_average,17.0,25.0,0.8214285714285714,10.0,low
U141,aaps_average,74.0,180.0,0.9629629629629629,32.0,medium
U141,aaps_average,57.0,120.0,1.0,19.0,medium
U141,aaps_average,32.0,45.0,0.864406779661017,19.0,medium
U141,aaps_average,21.0,30.0,1.0,15.0,medium
U141,aaps_average,37.0,75.0,1.0,15.0,medium
U141,aaps_average,51.0,70.0,0.6551724137931034,11.0,low
U141,aaps_average,55.0,70.0,0.875,13.0,medium
U141,aaps_average,23.0,45.0,0.8048780487804879,21.0,medium
U141,aaps_average,24.0,65.0,1.0,16.0,high
U141,aaps_average,73.0,135.0,0.9024390243902439,18.0,low
U141,aaps_exponential,29.0,25.0,0.6170212765957447,23.80000000000001,low
U141,aaps_exponential,27.0,30.0,0.8673469387755102,14.0,low
U141,aaps_exponential,43.0,25.0,0.3770491803278688,18.0,low
U141,aaps_exponential,48.0,55.0,0.8,29.0,low
U141,aaps_exponential,22.0,30.0,0.9117647058823529,14.0,low
U141,aaps_exponential,26.0,65.0,1.0,16.0,medium
U141,aaps_exponential,22.0,25.0,0.75,12.0,low
U141,aaps_exponential,19.0,30.0,0.65625,10.0,low
U141,aaps_exponential,23.0,40.0,1.0,18.0,low
U141,aaps_exponential,42.0,65.0,0.9193548387096774,19.0,medium
U141,aaps_exponential,45.0,35.0,0.8297872340425532,29.0,low
U141,aaps_exponential,43.0,50.0,1.0,25.0,medium
U141,aaps_exponential,198.0,205.0,0.9615384615384616,104.0,high
U141,aaps_exponential,28.0,40.0,0.96875,25.0,medium
U141,aaps_exponential,36.0,55.0,0.9696969696969697,18.0,low
U141,aaps_exponential,66.0,120.0,1.0,16.0,medium
U141,aaps_exponential,19.0,35.0,0.875,8.0,low
U141,aaps_exponential,88.0,100.0,0.918918918918919,20.0,low
U141,aaps_exponential,48.0,95.0,0.8888888888888888,12.0,medium
U141,aaps_exponential,22.0,25.0,0.42424242424242425,10.0,low
U141,aaps_exponential,17.0,25.0,0.75,11.0,low
U141,aaps_exponential,50.0,75.0,1.0,19.0,medium
U141,aaps_exponential,27.0,40.0,0.7096774193548387,13.0,medium
U141,aaps_exponential,81.0,65.0,0.8356164383561644,57.0,medium
U141,aaps_exponential,29.0,30.0,0.8493150684931506,26.0,medium
U141,aaps_exponential,15.0,25.0,0.8461538461538461,6.0,low
U141,aaps_exponential,38.0,40.0,0.9361702127659575,17.0,low
U141,aaps_exponential,31.0,35.0,0.9714285714285714,17.0,low
U141,aaps_exponential,48.0,100.0,0.9322033898305084,19.0,medium
U141,aaps_exponential,25.0,35.0,0.9523809523809523,11.0,low
U141,aaps_exponential,29.0,30.0,0.9302325581395349,20.0,low
U141,aaps_exponential,51.0,85.0,1.0,26.0,medium
U141,aaps_exponential,169.0,160.0,1.0,36.0,medium
U141,aaps_exponential,88.0,70.0,0.9456521739130435,47.0,high
U141,aaps_exponential,44.0,75.0,0.9444444444444444,24.0,high
U141,aaps_exponential,22.0,30.0,0.9583333333333334,14.0,medium
U141,aaps_exponential,62.0,150.0,1.0,17.0,medium
U141,aaps_exponential,44.0,90.0,1.0,29.0,medium
U141,aaps_exponential,20.0,30.0,0.9333333333333333,10.0,low
U141,aaps_exponential,19.0,25.0,1.0,18.0,medium
U141,aaps_exponential,100.0,120.0,0.9696969696969697,21.0,medium
U141,aaps_exponential,20.0,30.0,0.8260869565217391,9.0,low
U141,aaps_exponential,18.0,30.0,0.8333333333333334,8.0,low
U141,aaps_exponential,135.0,155.0,0.9629629629629629,40.0,high
U141,aaps_exponential,149.0,140.0,0.967741935483871,33.0,medium
U141,aaps_exponential,20.0,30.0,0.9583333333333334,20.0,low
U141,aaps_exponential,57.0,120.0,1.0,19.0,medium
U141,aaps_exponential,21.0,30.0,1.0,15.0,medium
U141,aaps_exponential,16.0,35.0,0.9791666666666666,12.0,medium
U141,aaps_exponential,16.0,25.0,0.6363636363636364,9.0,low
U141,aaps_exponential,20.0,30.0,0.8,7.0,low
U141,aaps_exponential,20.0,70.0,1.0,16.0,medium
U141,aaps_exponential,32.0,75.0,0.975609756097561,15.0,medium
U141,aaps_exponential,73.0,135.0,0.9024390243902439,18.0,low
U141,trio_sgolay,198.0,205.0,0.9615384615384616,104.0,high
U141,trio_sgolay,169.0,160.0,1.0,36.0,medium
U141,trio_sgolay,88.0,70.0,0.9456521739130435,47.0,high
U141,trio_sgolay,27.0,50.0,0.967741935483871,14.0,medium
U141,trio_sgolay,19.0,25.0,1.0,18.0,medium
U141,trio_sgolay,149.0,140.0,0.967741935483871,33.0,medium
U141,trio_sgolay,37.0,75.0,1.0,15.0,medium
U141,trio_sgolay,73.0,135.0,0.9024390243902439,18.0,low
U141,ukf,29.0,25.0,0.6170212765957447,23.80000000000001,low
U141,ukf,48.0,55.0,0.8,29.0,low
U141,ukf,22.0,25.0,0.75,12.0,low
U141,ukf,198.0,205.0,0.9615384615384616,104.0,high
U141,ukf,81.0,65.0,0.8356164383561644,57.0,medium
U141,ukf,38.0,40.0,0.9361702127659575,17.0,low
U141,ukf,31.0,35.0,0.9714285714285714,17.0,low
U141,ukf,23.0,40.0,0.9714285714285714,15.0,low
U141,ukf,88.0,70.0,0.9456521739130435,47.0,high
U141,ukf,23.0,50.0,0.9767441860465116,13.0,high
U142,aaps_average,169.0,45.0,0.9442896935933147,169.0,medium
U142,aaps_average,63.0,100.0,0.975,27.0,medium
U142,aaps_average,28.0,40.0,1.0,20.0,medium
U142,aaps_average,50.0,75.0,1.0,18.0,medium
U142,aaps_average,22.0,25.0,1.0,11.0,low
U142,aaps_average,26.0,65.0,0.9574468085106383,19.0,medium
U142,aaps_average,28.0,75.0,0.9545454545454546,14.0,medium
U142,aaps_average,31.0,40.0,0.8888888888888888,26.0,medium
U142,aaps_average,58.0,80.0,0.9649122807017544,41.0,high
U142,aaps_average,55.0,100.0,1.0,36.0,medium
U142,aaps_average,29.0,45.0,0.9137931034482759,29.0,low
U142,aaps_average,65.0,30.0,0.8306451612903226,65.0,medium
U142,aaps_average,60.0,45.0,0.967479674796748,60.0,high
U142,aaps_exponential,169.0,45.0,0.9442896935933147,169.0,medium
U142,aaps_exponential,63.0,100.0,0.975,27.0,medium
U142,aaps_exponential,22.0,25.0,1.0,11.0,low
U142,aaps_exponential,31.0,35.0,0.7916666666666666,21.0,medium
U142,aaps_exponential,21.0,35.0,0.75,9.0,low
U142,aaps_exponential,74.0,90.0,1.0,27.0,medium
U142,aaps_exponential,31.0,40.0,0.8888888888888888,26.0,medium
U142,aaps_exponential,58.0,80.0,0.9649122807017544,41.0,high
U142,aaps_exponential,43.0,45.0,0.8352941176470589,21.0,medium
U142,aaps_exponential,55.0,100.0,1.0,36.0,medium
U142,aaps_exponential,17.0,35.0,0.9375,15.0,low
U142,aaps_exponential,65.0,30.0,0.8306451612903226,65.0,medium
U142,aaps_exponential,60.0,45.0,0.967479674796748,60.0,high
U142,ukf,50.0,75.0,1.0,18.0,medium
U143,aaps_average,31.0,45.0,0.896551724137931,14.0,medium
U143,aaps_average,30.0,55.0,1.0,23.0,medium
U143,aaps_average,69.0,115.0,0.875,25.0,low
U143,aaps_average,24.0,30.0,0.8928571428571429,9.0,low
U143,aaps_average,38.0,55.0,0.9285714285714286,13.0,medium
U143,aaps_average,63.0,70.0,0.875,23.0,low
U143,aaps_average,68.0,95.0,0.8961038961038961,33.0,medium
U143,aaps_average,94.0,150.0,0.9886363636363636,37.0,medium
U143,aaps_average,110.0,105.0,0.9493670886075949,29.0,medium
U143,aaps_average,50.0,75.0,0.9838709677419355,24.0,high
U143,aaps_average,43.0,70.0,0.98,15.0,high
U143,aaps_average,58.0,55.0,0.9649122807017544,29.0,medium
U143,aaps_average,28.0,30.0,0.96875,27.0,medium
U143,aaps_average,82.0,115.0,0.9879518072289156,53.0,high
U143,aaps_average,42.0,55.0,0.9166666666666666,19.0,high
U143,aaps_average,39.0,45.0,0.9785714285714285,18.0,high
U143,aaps_average,37.0,50.0,0.5757575757575758,18.0,low
U143,aaps_average,21.0,30.0,0.8974358974358975,11.0,medium
U143,aaps_average,32.0,35.0,0.9615384615384616,16.0,low
U143,aaps_average,88.0,65.0,1.0,45.0,high
U143,aaps_average,17.0,35.0,0.9090909090909091,10.0,low
U143,aaps_average,30.0,35.0,0.5333333333333333,30.0,low
U143,aaps_average,30.0,55.0,1.0,27.0,medium
U143,aaps_average,29.0,40.0,0.8679245283018868,29.0,low
U143,aaps_average,35.0,40.0,0.8656716417910447,35.0,low
U143,aaps_average,22.0,25.0,0.7777777777777778,14.0,medium
U143,aaps_average,21.0,25.0,0.6666666666666666,13.0,low
U143,aaps_average,28.0,55.0,1.0,17.0,medium
U143,aaps_average,29.0,60.0,0.9767441860465116,15.0,medium
U143,aaps_exponential,30.0,75.0,0.8947368421052632,17.0,low
U143,aaps_exponential,15.0,25.0,0.5,7.0,low
U143,aaps_exponential,24.0,30.0,0.8928571428571429,9.0,low
U143,aaps_exponential,38.0,55.0,0.9285714285714286,13.0,medium
U143,aaps_exponential,68.0,95.0,0.8961038961038961,33.0,medium
U143,aaps_exponential,94.0,150.0,0.9886363636363636,37.0,medium
U143,aaps_exponential,110.0,105.0,0.9493670886075949,29.0,medium
U143,aaps_exponential,132.0,220.0,0.975,27.0,medium
U143,aaps_exponential,50.0,75.0,0.9838709677419355,24.0,high
U143,aaps_exponential,43.0,70.0,0.98,15.0,high
U143,aaps_exponential,34.0,45.0,0.875,16.0,high
U143,aaps_exponential,91.0,80.0,0.8936170212765957,36.0,low
U143,aaps_exponential,39.0,75.0,1.0,24.0,medium
U143,aaps_exponential,28.0,30.0,0.96875,27.0,medium
U143,aaps_exponential,82.0,115.0,0.9879518072289156,53.0,high
U143,aaps_exponential,21.0,30.0,0.8974358974358975,11.0,medium
U143,aaps_exponential,32.0,35.0,0.9615384615384616,16.0,low
U143,aaps_exponential,17.0,40.0,0.8571428571428571,7.0,medium
U143,aaps_exponential,39.0,35.0,0.5833333333333334,10.0,low
U143,aaps_exponential,30.0,35.0,0.5333333333333333,30.0,low
U143,aaps_exponential,30.0,55.0,1.0,27.0,medium
U143,aaps_exponential,28.0,30.0,0.9705882352941176,16.0,low
U143,aaps_exponential,28.0,65.0,0.9714285714285714,10.0,medium
U143,aaps_exponential,28.0,50.0,1.0,17.0,medium
U143,aaps_exponential,53.0,170.0,1.0,17.0,medium
U143,aaps_exponential,47.0,60.0,0.8857142857142857,13.0,low
U143,aaps_exponential,17.0,35.0,0.9636363636363636,10.0,low
U143,aaps_exponential,49.0,50.0,0.8333333333333334,13.0,low
U143,aaps_exponential,34.0,45.0,0.9736842105263158,13.0,medium
U143,aaps_exponential,18.0,25.0,0.9545454545454546,8.0,low
U143,aaps_exponential,35.0,40.0,0.8656716417910447,35.0,low
U143,aaps_exponential,22.0,25.0,0.7777777777777778,14.0,medium
U143,aaps_exponential,21.0,25.0,0.6666666666666666,13.0,low
U143,aaps_exponential,22.0,35.0,0.725,11.0,low
U143,aaps_exponential,36.0,30.0,0.7586206896551724,17.0,low
U143,aaps_exponential,19.0,55.0,1.0,7.0,low
U143,aaps_exponential,24.0,30.0,1.0,12.0,medium
U143,aaps_exponential,29.0,60.0,0.9767441860465116,15.0,medium
U143,trio_sgolay,37.0,50.0,0.5757575757575758,18.0,low
U143,trio_sgolay,21.0,30.0,0.8974358974358975,11.0,medium
U143,ukf,50.0,75.0,0.9838709677419355,24.0,high
U143,ukf,37.0,50.0,0.5757575757575758,18.0,low
U143,ukf,21.0,30.0,0.8974358974358975,11.0,medium
U143,ukf,30.0,55.0,1.0,27.0,medium
U143,ukf,17.0,25.0,0.7857142857142857,8.0,low
U143,ukf,21.0,25.0,0.6666666666666666,13.0,low
U144,aaps_average,23.0,45.0,0.9696969696969697,12.0,low
U144,aaps_average,28.0,40.0,0.8888888888888888,16.0,low
U144,aaps_average,39.0,45.0,1.0,23.0,low
U144,aaps_average,30.099999999999994,40.0,0.9702970297029703,15.400000000000006,low
U144,aaps_average,33.099999999999994,45.0,0.9834586466165415,30.900000000000006,medium
U144,aaps_average,28.700000000000017,30.0,0.9774774774774775,11.100000000000023,low
U144,aaps_average,22.5,45.0,0.9898989898989905,22.5,medium
U144,aaps_average,20.89999999999999,35.0,0.9701492537313429,19.799999999999997,medium
U144,aaps_average,35.400000000000006,40.0,0.946153846153846,30.80000000000001,medium
U144,aaps_average,24.400000000000006,25.0,0.7663157894736841,13.400000000000006,low
U144,aaps_average,22.69999999999999,50.0,0.9017199017199017,20.599999999999994,low
U144,aaps_average,53.60000000000001,70.0,0.9863281249999997,37.20000000000002,medium
U144,aaps_average,28.900000000000006,25.0,0.4912280701754389,28.900000000000006,low
U144,aaps_average,50.3,35.0,0.8692307692307687,25.10000000000001,medium
U144,aaps_average,49.5,50.0,0.9155609167671894,29.299999999999997,medium
U144,aaps_average,40.0,55.0,0.9698492462311558,35.099999999999994,high
U144,aaps_average,79.19999999999999,115.0,0.9863325740318908,34.5,high
U144,aaps_average,27.299999999999997,40.0,0.9847715736040611,20.89999999999999,medium
U144,aaps_average,17.299999999999983,25.0,0.972938144329897,6.600000000000023,low
U144,aaps_average,21.099999999999994,35.0,0.8379746835443036,21.099999999999994,low
U144,aaps_average,21.69999999999999,40.0,0.8654822335025384,20.399999999999977,low
U144,aaps_average,41.5,50.0,0.9677419354838729,16.700000000000017,medium
U144,aaps_average,26.0,30.0,0.9021276595744675,12.099999999999994,medium
U144,aaps_average,29.69999999999999,45.0,0.9828693790149896,22.099999999999994,low
U144,aaps_exponential,28.0,40.0,0.8888888888888888,16.0,low
U144,aaps_exponential,15.0,25.0,0.9090909090909091,6.0,low
U144,aaps_exponential,30.099999999999994,40.0,0.9702970297029703,15.400000000000006,low
U144,aaps_exponential,19.80000000000001,25.0,0.938144329896907,10.100000000000009,low
U144,aaps_exponential,33.099999999999994,45.0,0.9834586466165415,30.900000000000006,medium
U144,aaps_exponential,24.400000000000006,25.0,0.7663157894736841,13.400000000000006,low
U144,aaps_exponential,15.0,25.0,0.9235294117647059,7.299999999999997,low
U144,aaps_exponential,22.69999999999999,50.0,0.9017199017199017,20.599999999999994,low
U144,aaps_exponential,28.900000000000006,25.0,0.4912280701754389,28.900000000000006,low
U144,aaps_exponential,27.400000000000006,30.0,0.9907834101382493,9.699999999999989,medium
U144,aaps_exponential,49.5,50.0,0.9155609167671894,29.299999999999997,medium
U144,aaps_exponential,40.0,55.0,0.9698492462311558,35.099999999999994,high
U144,aaps_exponential,79.19999999999999,115.0,0.9863325740318908,34.5,high
U144,aaps_exponential,27.299999999999997,40.0,0.9847715736040611,20.89999999999999,medium
U144,aaps_exponential,17.299999999999983,25.0,0.972938144329897,6.600000000000023,low
U144,aaps_exponential,21.69999999999999,40.0,0.8654822335025384,20.399999999999977,low
U144,aaps_exponential,19.299999999999983,30.0,0.997584541062802,11.799999999999983,low
U144,aaps_exponential,21.700000000000017,30.0,0.8987341772151897,9.900000000000006,medium
U144,aaps_exponential,29.69999999999999,45.0,0.9828693790149896,22.099999999999994,low
U144,ukf,28.0,40.0,0.8888888888888888,16.0,low
U144,ukf,39.0,45.0,1.0,23.0,low
